Uuid,Answers,Members,Fully specified name:en,Short name:en,Data class,Data type,_version:1,_order:16
af27a695-2c7b-4246-b716-f9bcad0400e5,,"Date first Seen ; 
BCG, Date ; 
Polio birth Dose, Date ; 
1st Polio, Date ; 
2nd Polio, Date ; 
3rd Polio, Date ; 
IPV, Date ; 
DPT/Hep.B/ Hib.1, Date ; 
DPT/Hep.B/ Hib.2, Date ; 
DPT/Hep.B/ Hib.3, Date ; 
Pneumococcal 1, Date ; 
Pneumococcal 2, Date ;
Pneumococcal 3, Date ;
Rota1, Date ; 
Rota2, Date ; 
Vitamin A (6-11 months), Date ;
MR1, Date ; 
Yellow Fever, Date ; 
Fully Immunised, Date ; 
MR 2, Date ; 
Immunization, Remarks ; ",Immunization Form,,Misc,N/A,,