Uuid,Void/Retire,Fully specified name:en,Short name:en,Description:en,...,Normal low,Normal high,Allow decimals,Display precision,_version:1,_order50,Data class,Data type,Answers
32f0e36e-6877-4d19-82da-aca3d2947553,,Cough expectorant 100mls,,,,,,,,,,Misc,N/A,
34aa3257-2b2f-4c65-a023-55daf1f7d1fe,,Paracetamol 100mg tablets 100s,,,,,,,,,,Misc,N/A,
46968b8a-aab8-4ace-ac5e-83a1f20d5f42,,Paclitaxel 300mg Injection,,,,,,,,,,Misc,N/A,
c9a6e632-12cf-4441-917b-577bafcdd34f,,Sodium Hypochlorite Solution(Tbcide) 5-5.6%W/V,,,,,,,,,,Misc,N/A,
a9519d2b-b559-4754-b83d-cb6ac0820676,,Felodipine 10mg Tablets 28s,,,,,,,,,,Misc,N/A,
b79c6276-9b73-46d7-80f9-a57474341b2b,,Voluven 6% Solution 500ml,,,,,,,,,,Misc,N/A,
409ac9a5-99db-47b6-bdc0-39544c9500f4,,Cefadroxil 500mg capsules 50s,,,,,,,,,,Misc,N/A,
d5108857-0b61-42e4-a16d-80eb9739e102,,Stibogluconate sodium 100mg/ml injection 100mls,,,,,,,,,,Misc,N/A,
72a1e829-e98a-4912-afec-92502dd1c33c,,Gabapentin 300mg Capsules 10s,,,,,,,,,,Misc,N/A,
5d07ea29-e547-4f4e-99d8-efeaf6e85082,,"Vitamin A 200,000i.u Capsules 1000s",,,,,,,,,,Misc,N/A,
ba00cd64-d42b-41da-b853-752498732b3d,,LACTULOSE SYRUP 200ML-OUTREACH,,,,,,,,,,Misc,N/A,
aefb9b38-99da-438e-806e-deb539b9b791,,Typhim 6 20 Dose,,,,,,,,,,Misc,N/A,
98b39d3f-a768-440f-8808-d45c0ae9fc96,,Cytarabine 100mg/5ml Injection,,,,,,,,,,Misc,N/A,
62a10160-2ef2-4be0-bfbf-801bc3b223a0,,Salbutamol beclomethasone dipropionate100mcg/50mcg/inhalation,,,,,,,,,,Misc,N/A,
e278d323-5f23-46c8-915a-a9aec39b3a50,,Vitamin K 2mg Injection,,,,,,,,,,Misc,N/A,
e95a86b6-a7b3-40db-abb3-79a4be1eab67,,Erythropoetin 5000 I.U Injection ?(Recormorn),,,,,,,,,,Misc,N/A,
1c94d7ac-ea0b-42c6-8177-9a3e1c8d3bde,,Ferrous Sulp/Folic 200Mg/400Mcg Acid Tab,,,,,,,,,,Misc,N/A,
58d949f4-1341-4be2-b417-3c6bea34c015,,Lisinopril/Hydrochlorthiazide 10mg/12.5mg Tablets 28s,,,,,,,,,,Misc,N/A,
90634f8e-631d-49f9-9f3a-6c05f81cd7ee,,"PANCURONIUUM BROMIDE INJECTION 2MG/ML,2ML AMP",,,,,,,,,,Misc,N/A,
2a879d3b-7aec-408f-82fd-8824d84e7936,,Lisinopril 10mg Tablets 28s,,,,,,,,,,Misc,N/A,
d5352951-4cd4-48d1-8db8-d3ae01774818,,Phenobarbitone 200mg/ml injection 1ml,,,,,,,,,,Misc,N/A,
bd6ca2a6-cf12-4abb-83f4-3f9160a43558,,Amoxicillin / Clavulanate 321mg/5mls syrup 60mls,,,,,,,,,,Misc,N/A,
61f1e41b-2350-4764-a100-71c8b43abc2e,,Methyl prednisolone 500mg injection,,,,,,,,,,Misc,N/A,
858cc4d2-bf4e-4e73-8e20-ec6064ba9416,,Carbamazepine 200mg Tablets 100s,,,,,,,,,,Misc,N/A,
3dc6ac44-da09-4ccc-b22f-7e3c89886e55,,Aluminium hydroxide/Magnesium Trisilicate Syrup 180mls,,,,,,,,,,Misc,N/A,
87bfcdbc-139e-4210-8cc2-e5312e124233,,Neomycin/Dexamethasone eye Drops 5ml,,,,,,,,,,Misc,N/A,
55a6106d-2ca6-44b5-98cd-fa6e27099c1f,,Tamoxifen 20mg Tablets 30s,,,,,,,,,,Misc,N/A,
66cfe026-341a-4b7a-a75e-a8cfe6edd4be,,Carbamazepine 200mg Tablets,,,,,,,,,,Misc,N/A,
ba253524-3c42-468b-9fde-479d4c1fd5fc,,Isoflurane 250ml,,,,,,,,,,Misc,N/A,
87eb0ff0-6f27-4a53-9250-b0afdabf2dfe,,Docetaxel 80mg Injection,,,,,,,,,,Misc,N/A,
cad255be-225c-449e-bc6f-e45111e7d19e,,Metronidazole/diloxanide furoate 400mg/500mg tablets 15s,,,,,,,,,,Misc,N/A,
db99a2d1-e335-4f91-ba8a-d978bb41f262,,Cetrizine 5mg/5mls syrup 60mls,,,,,,,,,,Misc,N/A,
4ca6680b-de1b-4c36-884b-1341b6eca9ae,,Pregabalin 150mg Capsules 14s,,,,,,,,,,Misc,N/A,
883e9204-fef9-4823-99be-3a9cd00a8447,,Folic Acid 5mg Tablets,,,,,,,,,,Misc,N/A,
15144b61-e689-4175-accb-af8e86e74703,,Cyclophosphamide 500mg Injection,,,,,,,,,,Misc,N/A,
628366fb-a4fa-4a2e-94af-836d30ff770a,,SHANCHOL VACCINE (CHOLERA),,,,,,,,,,Misc,N/A,
bc0cca60-cdd3-4e95-aef6-8ac777ff5f1c,,Vitamin K 10mg Injection,,,,,,,,,,Misc,N/A,
a976a085-3c2b-46bd-91e9-78e9582d75b1,,Propofol 10mg/ml Injection 20ml,,,,,,,,,,Misc,N/A,
ea961c56-e221-463f-9f8c-f487217bbdb7,,Transpore (leukofix) 2.5cm 5m,,,,,,,,,,Misc,N/A,
15be5417-fd59-47a3-83bc-53a4e0e06f48,,Hyoscine N-butylbromide 20mg Injection,,,,,,,,,,Misc,N/A,
27ad755a-26e8-4b27-a430-6e2ce39bca8f,,Omeprazole 40mg Capsules 14s,,,,,,,,,,Misc,N/A,
a8ce20d2-2418-44fc-976f-9e1fbe44ec46,,"Paclitaxel Injection, concentrate solution for injection (6mg/ml),5ml(30mg)",,,,,,,,,,Misc,N/A,
3733fb94-bc4d-4200-99d5-c69d70a175ca,,Halothane 100ml,,,,,,,,,,Misc,N/A,
0d0da4e5-298a-40c4-b01a-6b5fc3f1bd23,,Glucophage 1g Tablets 60s,,,,,,,,,,Misc,N/A,
50531563-a113-49c3-8de4-82f2abb7f3cd,,Normal saline 0.9% solution 500ml,,,,,,,,,,Misc,N/A,
4fc43ee5-8a16-4f0b-8b0a-1022b8975c3f,,Sodium Chloride/Normal Saline Solution - 0.9% EURO CAP Bottle,,,,,,,,,,Misc,N/A,
b0ca68fa-f950-4390-b91f-ce82528a2566,,Metformin Tablets 500Mg (100s in Blisters),,,,,,,,,,Misc,N/A,
9ce67714-bd58-4da6-94f9-054419cb2217,,Dexamethasone/neomycin/polymixin eye/ear 5mls,,,,,,,,,,Misc,N/A,
0f5afe3c-a60a-4fa1-872e-be635d620e98,,Dextrose 5% solution 1000ml,,,,,,,,,,Misc,N/A,
a98ea99a-54c6-499a-bdc3-3db014f8ba00,,Co-Pack Of 4 Satchets Of Low Osmolarity Ors (500Ml Formulation) + 10 Tablets Of Dispersible Zinc Sulphate Tablets 20Mg,,,,,,,,,,Misc,N/A,
521bf426-886f-4f64-be0c-694ea54d3c30,,Oxaliplatin 100mg Injection,,,,,,,,,,Misc,N/A,
4c7d32aa-3746-4d72-a9a4-3c0fe92c8885,,Paclitaxel 100mg Injection,,,,,,,,,,Misc,N/A,
52f17e6c-d071-4c1b-9998-83c1f2acffa7,,Dexamethasone 4mg/ml injection 2mls,,,,,,,,,,Misc,N/A,
46f79d6f-f206-4e10-bfd1-b6154a68cfa8,,Betamethasone ointment 15g,,,,,,,,,,Misc,N/A,
11c19000-6844-46f3-bf71-67d63d38341f,,"BUPIVACAINE HEAVY SPINAL INJECTION 5MG/ML, 4ML AMP",,,,,,,,,,Misc,N/A,
3658d11e-73bd-49d8-96dd-2ce77a122cfa,,Epanutin 50mg/ml Injection 5mls,,,,,,,,,,Misc,N/A,
30e14589-3f10-4469-8d10-61ecd04349de,,Letrozole 2.5mg Tablets 25s,,,,,,,,,,Misc,N/A,
bd8d7ecc-cef1-48fe-a3c9-41f726255690,,Isopropyl alcohol 5l,,,,,,,,,,Misc,N/A,
614a8981-408f-45c9-87a1-d0a277586601,,Mometasone Ointment 15g,,,,,,,,,,Misc,N/A,
8c51aa2c-359e-4c83-b49c-bd37e3befc7e,,Glucophage XR 500mg Tablets 90s,,,,,,,,,,Misc,N/A,
3936cbf3-98d0-4b7e-8686-3cfce46cb71d,,Lansoprazole/Amoxicillin/Clarithromycin 30mg/1g/500mg Tablets 7s,,,,,,,,,,Misc,N/A,
90e23164-dc86-4c01-85e2-fb8efdfee13a,,Levothyroxine 100mcg Tablets 28s,,,,,,,,,,Misc,N/A,
9e09b4ef-d0c7-4d08-a3da-63ad0b6d9932,,Ampicillin/ cloxacillin 500mg capsules,,,,,,,,,,Misc,N/A,
8456c866-cf49-43ba-b05f-fe026dee0ccc,,Chlorhexidine Gel 4% (As Digluconate 7.1%) - 10Gm Tube,,,,,,,,,,Misc,N/A,
3049ff9d-aebd-4ac7-80a4-e6db53e5c1d3,,Omeprazole Capsules 20Mg (Pack of 30s),,,,,,,,,,Misc,N/A,
47056550-7861-41a3-9288-6a1c9facd35e,,Lignocaine Hydrochloride Inj. 1%,,,,,,,,,,Misc,N/A,
cd2c94a9-e117-4c91-a525-fcce9b7722f5,,BUPIVACANE 0.5% INJ 10ML VIAL,,,,,,,,,,Misc,N/A,
6ba75471-7938-48ee-82cf-574db0c1be01,,Povidone iodine solution 100mls,,,,,,,,,,Misc,N/A,
a033263b-38ac-48eb-8212-bae0d21f3e94,,ULCIP INJECTION (CIPROFLOXACIN) I.V 200MG-PD,,,,,,,,,,Misc,N/A,
56006382-c029-4237-915f-b5a25b721c3e,,Calcium + VIT. D Tablets 400MCG/200I.U,,,,,,,,,,Misc,N/A,
98843751-00e2-4de0-be45-ef80d342d7b5,,Zuclopenthixol 50mg/ml Injection,,,,,,,,,,Misc,N/A,
4e008618-3927-45c3-bff6-25b9f32b5dd9,,Aceclofenac/Paracetamol/Chlorzoxazone Tablets 20s,,,,,,,,,,Misc,N/A,
2f81f41b-6ca3-4b19-ba68-a4499ee0589c,,Acetylsalicylic Acid 75mg Tablets 30s,,,,,,,,,,Misc,N/A,
78a8aa2a-62f7-4ad5-ad22-414a9d99210f,,Probeta-N eye Drops 7.5ml,,,,,,,,,,Misc,N/A,
ddf87e6e-a62c-4ee2-8f49-263386860242,,Chlorhexidine mouthwash 300mls,,,,,,,,,,Misc,N/A,
745471be-970e-435e-ad03-29571bc8b1b2,,Oxytocin 10 I.U injection 10s,,,,,,,,,,Misc,N/A,
7f04555b-7c2e-47bc-bb43-278c1dfbc09f,,Venofer 100mg/5mls Injection 5ml,,,,,,,,,,Misc,N/A,
6323ed9a-86be-48b0-a9f2-8013dcdf1fc2,,Benzathine Benzylpenicillin 1.2Miu Vials,,,,,,,,,,Misc,N/A,
2e933359-74b0-42bb-b704-ad506936e015,,BORTENAT 3.5 MG INJ (BORTEZOMIB),,,,,,,,,,Misc,N/A,
fdd6aa40-b5e8-42a5-ad5f-55dbf92eaa90,,Cotrimoxazole 240mg/5mls syrup 50mls,,,,,,,,,,Misc,N/A,
4d1962a9-ee17-4672-944d-f6c26c96e1a6,,Tramadol  100mg/2ml Injection,,,,,,,,,,Misc,N/A,
9265c808-54f1-42c0-94b9-cd88356ad715,,Clarithromycin 500mg tablet 4s,,,,,,,,,,Misc,N/A,
7bd83430-74a3-4d04-a1e5-b5f9aca39ba6,,"Erythropoietin 2,000i.u Injection",,,,,,,,,,Misc,N/A,
d2598ae5-5480-429c-9f23-6c1dd0a6cc57,,Soluble Insulin 100i.u/ml 10mls,,,,,,,,,,Misc,N/A,
34220c27-dcc1-4d82-9a95-006a075fe2ab,,Gentamycin 0.3% Eye Drops 10ml,,,,,,,,,,Misc,N/A,
6b278aac-7ec4-4bb6-b895-4570cf3ef2c4,,Cefuroxime 500mg tablets 10s,,,,,,,,,,Misc,N/A,
27804746-7b8a-4351-b5a1-a41d32c79358,,Rituximab 500mg Injection,,,,,,,,,,Misc,N/A,
a02244cb-2f36-451c-a155-eb2657bb6f9a,,Amoxicillin / Clavulanate 1g tablets 10s,,,,,,,,,,Misc,N/A,
ef486bb4-e331-44bc-ae98-68ffec1cfcad,,Clotrimazole Vaginal Pessaries 500Mg,,,,,,,,,,Misc,N/A,
7e7afca5-adef-446e-81a0-8b7e3841f060,,Salbutamol/ ipratropium UDV0.5mg/3.01mg,,,,,,,,,,Misc,N/A,
f3c4de2f-2145-4197-888f-da29710de610,,Dexamethasone 0.1% eye Drops 5ml,,,,,,,,,,Misc,N/A,
3e091054-5f37-4e9e-9a29-eb5508ff9506,,Hydrochlorothiazide 25mg Tablets 1000s,,,,,,,,,,Misc,N/A,
974db073-8d36-4ddd-b992-276fa5381fa1,,Prednisolone 5mg tablets 30s,,,,,,,,,,Misc,N/A,
f0ea3267-c4ed-4bcc-8e7c-568c8ececa08,,Metformine Tablets - 500Mg (Tin of 1000s),,,,,,,,,,Misc,N/A,
edfff42e-a139-4278-9c46-d534102e6fa0,,Rituximab 100mg Injection,,,,,,,,,,Misc,N/A,
ab955d24-edce-4873-a107-35333a2b497d,,Zuclopenthixol depot 200mg/ml Injection,,,,,,,,,,Misc,N/A,
c7a86931-a195-4214-b00d-494374a6921f,,Silver sulphadiazine cream 25g,,,,,,,,,,Misc,N/A,
d80d503d-679e-490b-9698-fe2fe60f2191,,Praziquantel 600mg Tablets,,,,,,,,,,Misc,N/A,
2b36c19d-8785-467d-8081-96f0fc3e3b48,,Ceftazidimine 1g injection,,,,,,,,,,Misc,N/A,
e2218afc-173c-430d-94ae-76644c97c25b,,Salbutamol 100mcg/inhalation,,,,,,,,,,Misc,N/A,
98baa940-bec7-4a09-bbc4-b9b8b7777b92,,Metronidazole 200mg/5mls syrup 100mls,,,,,,,,,,Misc,N/A,
be501bb8-90aa-459a-a124-ee05628792d8,,HERCEPTIN INJ 440MG (TRASTUZUMAB),,,,,,,,,,Misc,N/A,
b5b9b21d-f372-40bc-9bcf-7bec72583b9b,,Acetylsalicylic Acid 300mg Tablets 1000s,,,,,,,,,,Misc,N/A,
efff753d-71b0-410e-9b28-30596e11db52,,Omeprazole Capsules - 20Mg (Tin of 1000s),,,,,,,,,,Misc,N/A,
45ae0811-810d-4bb2-839e-5d149903af0a,,Lisinopril 5mg Tablets 28s,,,,,,,,,,Misc,N/A,
7a25e6bb-4c62-4fb8-b5df-2574d9415487,,Omeprazole 40mg Injection,,,,,,,,,,Misc,N/A,
9948ef66-44f0-473b-ac57-079ea22df620,,Capecitabine 500mg Tablets 120s,,,,,,,,,,Misc,N/A,
57e139b8-7217-4b32-b00d-24c9fc728d91,,Felodipine 5mg Tablets 28s,,,,,,,,,,Misc,N/A,
6337c720-a395-485f-933d-823d8614490d,,Ampicillin/ cloxacillin neonatal drops 90mg/0.6mls 10mls,,,,,,,,,,Misc,N/A,
49c988e3-d631-43bb-bffe-9343134c5113,,Betamethasone/dexchlorpheniramine 0.25mg/2mg tablets 30s,,,,,,,,,,Misc,N/A,
80e34886-502c-402e-bffd-17b947d6a081,,"Paracetamol Solution For Intravenous Infusion 10Mg/Ml, 100Ml .",,,,,,,,,,Misc,N/A,
51732ff6-763c-44aa-99e1-446707d0342f,,Tetanus Toxoid Injection 1500IU,,,,,,,,,,Misc,N/A,
501da2e5-fdb2-4e52-8a43-1bafee109a85,,ROOT 2 CANAL(3RD VISIT),,,,,,,,,,Misc,N/A,
4101a3b6-26bd-4686-9a3e-b531e5a758e4,,Artemether/Lumefantrine 20/120mg Tablets 12s,,,,,,,,,,Misc,N/A,
68a343e4-cd3b-4673-a468-e98c8f8c6d2f,,"Vitamin A 200,000i.u Capsules 100s",,,,,,,,,,Misc,N/A,
af4dab21-5fef-4a4b-997e-7cdd22aaf26e,,Artemether/Lumefantrine 20/120mg Tablets 6s,,,,,,,,,,Misc,N/A,
1afd9991-86f8-45ea-b35a-001b4bf408c3,,Sputum For Afb (Z N Stain),,,,,,,,,,Misc,N/A,
423b742d-5c21-4213-805c-1b3c10c18c63,,Hyoscine N-butylbromide 10mg Tablets 1000s,,,,,,,,,,Misc,N/A,
1765370b-1bdd-4bc8-8c5d-b66d54aaac43,,Metformin 1g Tablets 60s,,,,,,,,,,Misc,N/A,
ddb284ba-9be0-4169-bdc8-59a6c0524992,,Sulphadoxine/Pyrimethamine 25/250mg Tablets 3s,,,,,,,,,,Misc,N/A,
f5441cbf-4ec8-4040-b9af-d32bf4603c56,,Acyclovir cream 10g,,,,,,,,,,Misc,N/A,
7712836a-25e2-4413-b12f-b2aed611fe8e,,Artemether/Lumefantrine 20/120mg Tablets 24s,,,,,,,,,,Misc,N/A,
4cc6d542-9dff-479f-9d65-4fdeea069001,,"Vitamin A 100,000i.u Capsules 1000s",,,,,,,,,,Misc,N/A,
a8177814-a9b6-4387-96ec-3c83805ea575,,B 2-MICROGLOBULIN,,,,,,,,,,Misc,N/A,
1f87ddac-91e9-4d45-80e4-c23a61b995b7,,Medroxyprogesterone acetate injection,,,,,,,,,,Misc,N/A,
9c36c20e-6ade-443f-a668-d095d2ae64df,,Vitamin D injection,,,,,,,,,,Misc,N/A,
02f39dad-7fbf-497c-af77-7bbf3812b39d,,Artemether/Lumefantrine 20/120mg Tablets 18s,,,,,,,,,,Misc,N/A,
67654297-2cec-4fb4-8aaf-d56cb5137243,,Ciprofloxacin Injection I.V. 2mg/ml (lactate) in 50ml vials Vial,,,,,,,,,,Misc,N/A,
60d8ad8a-d2a6-4f14-8f9a-fb630f185c19,,Artesunate 60mg Injection,,,,,,,,,,Misc,N/A,
53fa78c2-8a4a-4a78-a102-6051bfbdfa2a,,Spironolactone 100mg Tablets 28s,,,,,,,,,,Misc,N/A,
9f2d3277-a728-4199-be09-3a80e28c19b8,,Levonorgestrel 0.75mg tablets,,,,,,,,,,Misc,N/A,
d29f52df-87f2-4770-94c8-f5b60d2e493f,,Ranitidine 300mg Tablets 100s,,,,,,,,,,Misc,N/A,
c644dd63-6b1a-4093-a002-d886c08fbdef,,Naloxone Hydrochloride 0.4mg Injection,,,,,,,,,,Misc,N/A,
3549ff0b-07d0-4652-b645-d83b674d9cde,,Vitamin B1 no.1&2 Injection 5ml,,,,,,,,,,Misc,N/A,
ad63474a-14ad-4f43-8e7d-f2e2e2e7040c,,Neomycin/Betamethasone eye Drops 7.5ml,,,,,,,,,,Misc,N/A,
307441be-2e52-4913-99e7-7cc0182292fe,,Benzoic/Salic Acid Ointment 6%3% 20gm,,,,,,,,,,Misc,N/A,
f5cadd01-7db6-44fb-a6d0-7405bd7778fb,,Carboplatin 150mg Injection,,,,,,,,,,Misc,N/A,
48ce84bc-bd84-4d32-840b-f6ccca4143e3,,Bromocriptine 2.5mg tablets 30s,,,,,,,,,,Misc,N/A,
e5ea0175-746a-4518-a8af-0529592c80d2,,ACYCLOVIR CREAM 5 % 20g,,,,,,,,,,Misc,N/A,
ff3e8d22-afc1-438c-a214-d8c8634e179f,,Azathioprine 50mg Tablets 100s,,,,,,,,,,Misc,N/A,
d0c86e18-d020-437d-803a-7c3b6747d7da,,PROPRANOLOL TABLETS 40MG,,,,,,,,,,Misc,N/A,
f1ac771c-91da-4216-9a83-153ed08a5478,,Metronidazole/diloxanide/simethicone 200mg/250mg/25mg tablets 100s,,,,,,,,,,Misc,N/A,
a1c2a4b1-5a35-4bf3-b71b-fe7582f77695,,Morphine Injection (Sulphate or Hcl) 15mg/ml in 1ml ampoules Amp,,,,,,,,,,Misc,N/A,
c0fb9173-814d-4a09-a417-c92c01dc3d88,,Gabapentin 100mg Capsules 10s,,,,,,,,,,Misc,N/A,
50b085ac-8177-430c-8256-997d8df71749,,Sulphadoxine/Pyrimethamine 12.5mg/250mg/5ml Syrup 10ml,,,,,,,,,,Misc,N/A,
833838a1-5292-4fa4-9474-ef618e82f15b,,Quinine 300mg Tablets,,,,,,,,,,Misc,N/A,
d0bcde3e-1ad9-46ab-a181-41a31a0d7b89,,Sildenafil 25mg tablets 4s,,,,,,,,,,Misc,N/A,
8b4c3def-a57e-4b05-a9f2-9603929a0849,,Budesonide 200mcg formoterol 6mcg inhaler 120 doses,,,,,,,,,,Misc,N/A,
fecc2f0f-1cee-4507-87e2-3308c557ef83,,Salmeterol xinafoate/ fluticasone 25mcg/125mcg/ inhalation,,,,,,,,,,Misc,N/A,
c29bcbed-c92b-4025-8e23-c772bc4bd40c,,TROPICAMIDE/PHENYLEPHRINE EYE DROPS,,,,,,,,,,Misc,N/A,
9cef4639-4704-4290-a7e9-0dd99bc6bc19,,Carbamazepine 100mg Tablets 50s,,,,,,,,,,Misc,N/A,
3efa4822-795c-4d7b-aac2-bcf91029d722,,Surgical spirit 100mls,,,,,,,,,,Misc,N/A,
0ce9da86-16e7-4b94-868b-35abe578c3e4,,DPT/HepB/HiB Vaccine(Pentavalent Vaccine),,,,,,,,,,Misc,N/A,
281e4772-bcda-439e-b6ee-f4c0dbc4d198,,Pneumacoccal vaccine,,,,,,,,,,Misc,N/A,
4e242f39-e727-4946-b8c4-4728e6f7128e,,Inactivated Polio Vaccine (IPV),,,,,,,,,,Misc,N/A,
f014bd65-d2c2-4138-8eb4-544383dc33b4,,ROTARIX ORAL VACCINE (FOR ROTAVIRUS) 1`S,,,,,,,,,,Misc,N/A,
21a624e5-8b82-4dd1-ae6f-9d575fced899,,Oral Polio Vaccine,,,,,,,,,,Misc,N/A,
13013dca-956c-44a7-899c-c30888c72c13,,M.M.R Vaccine,,,,,,,,,,Misc,N/A,
f7861d25-5676-44b2-baa5-25ef26366af3,,BCG VACCINE VIAL 20 DOSES,,,,,,,,,,Misc,N/A,
5e18c509-62e5-4d21-aa44-82a47136be62,,Measles vaccine,,,,,,,,,,Misc,N/A,
50c5746c-d880-4afb-93bd-fe10fc782b71,,Depo Progestin 150mg/vial injection,,,,,,,,,,Misc,N/A,
f76afa32-6e82-40f7-b2fb-02d8e4d6bcf6,,Oestrogen /medroxyprogesterone 5mg tablets,,,,,,,,,,Misc,N/A,
04639dc0-b6d7-45ca-8629-284a81868d9a,,Depo-Provera 150mg/vial injection,,,,,,,,,,Misc,N/A,
b3354d5c-05b0-410c-b655-4a853992df57,,Depo -medrol 40mg/ml injection 1ml,,,,,,,,,,Misc,N/A,
f7230003-680c-4c16-b4dd-dfe03e5eb114,,Depo -medrol 80mg/ml injection 2mls,,,,,,,,,,Misc,N/A,
4297327e-de39-48a9-961b-342fd70360da,,Oestrogen /medroxyprogesterone 2.5mg tablets,,,,,,,,,,Misc,N/A,
70613300-aca4-47f4-911a-c37392ffa264,,POSTINOR 0.75MG TABS 2`S(LEVNORGESTREL),,,,,,,,,,Misc,N/A,
1411a67f-4d83-42c0-a791-2b20f6ed83d7,,Microlut tablets 35s,,,,,,,,,,Misc,N/A,
5e5c27e8-5f0f-4a0f-800a-4b17e42f9368,,Microgynon 30 tablets,,,,,,,,,,Misc,N/A,
8bb25d41-ae4e-4c43-89a0-5a6269c454e4,,Chlorpheniramine 4mg tablet 1000s,,,,,,,,,,Misc,N/A,
0ff1ab70-9a92-4bdc-b313-013c897d26bc,,Diazepam Tablets 2mg Tab.,,,,,,,,,,Misc,N/A,
bb410bb0-ac26-4ef2-b600-ea4f8a27cef0,,Salbutamol 2mg tablet 1000s,,,,,,,,,,Misc,N/A,
92c1db8c-e9f0-4e4b-9e47-804f41e71a35,,Amoxicillin 500mg capsules 100s,,,,,,,,,,Misc,N/A,
81f2bae3-3a34-454e-8178-2cf97b7a579d,,Phenytoin 50mg Capsules 1000s,,,,,,,,,,Misc,N/A,
1895cf5b-e81c-489b-a455-49a1b901a6cd,,Metronidazole 200mg tablets,,,,,,,,,,Misc,N/A,
5afce57a-d7c4-4ec0-88a1-f0ec58e99253,,Hydrochlorothiazide 50mg Tablets 100s,,,,,,,,,,Misc,N/A,
dc1c50eb-b1e0-4532-bdbe-37eaa68f4fa7,,Diclofenac sodium 50mg Tablets,,,,,,,,,,Misc,N/A,
1143cd63-ebd6-4b2e-8f71-879c8f9d842c,,Multivitamin  Tablets,,,,,,,,,,Misc,N/A,
01ce7745-4f28-4dce-91c0-58e8665c50ee,,Atenolol 50mg Tablets 28s,,,,,,,,,,Misc,N/A,
401843ea-cb73-49d1-90e0-6325af0c3349,,Indomethacin 25mg Capsules 1000s,,,,,,,,,,Misc,N/A,
373c7afe-a2cc-44cc-889c-9aef33b6226f,,Phenytoin 100mg Capsules,,,,,,,,,,Misc,N/A,
b7737562-674e-41a2-9248-b5544ee19b0b,,Bisacodyl 5mg Tablets 100s,,,,,,,,,,Misc,N/A,
707baa52-fe72-4947-b74c-eef497f93fdf,,Flagyl 200mg tablets 250s,,,,,,,,,,Misc,N/A,
ebc9d2fd-ee14-4e0a-98fa-c1dd304add98,,Mebendazole 100mg Tablets,,,,,,,,,,Misc,N/A,
419d6a27-baa8-4e79-b53f-9b3975ff783e,,Ferrous Sulphate 200mg Tablets 1000s,,,,,,,,,,Misc,N/A,
82e3415e-57c3-47ea-93b6-f7a25be5619e,,Prednisolone 5mg tablets,,,,,,,,,,Misc,N/A,
daa25337-3e24-4b2b-8797-871d1faa9664,,Benzhexol 5mg Tablets 100s,,,,,,,,,,Misc,N/A,
30654470-60dc-413a-af9a-2ced9e43bc62,,Paracetamol 500mg Tablets,,,,,,,,,,Misc,N/A,
729191dd-6559-4af9-8786-11fdb542c33c,,Clotrimazole 100mg pessaries 6s,,,,,,,,,,Misc,N/A,
8cdb2db8-2ba7-42ef-a6ae-91f8b4ee64a4,,Enalapril 5mg Tablets 28s,,,,,,,,,,Misc,N/A,
fe429fec-9a35-4cb1-b820-6027b8a9f944,,Frusemide 40mg Tablets,,,,,,,,,,Misc,N/A,
6df3a984-478d-4e4e-ac99-f77afd1621aa,,Metoclopramide 10mg Tablets,,,,,,,,,,Misc,N/A,
c9f47710-5aea-40d7-850b-4e226070323a,,Dexamethasone 0.5mg tablets 1000s,,,,,,,,,,Misc,N/A,
035bda8f-0fe5-492b-9ff1-ee7d1d3ff06a,,Diclofenac sodium 100mg Tablets 100s,,,,,,,,,,Misc,N/A,
5b805b5e-8d17-4088-ae27-51c411fd654a,,Phenobarbitone 30mg Tablets 100s,,,,,,,,,,Misc,N/A,
41619738-577e-47b5-a9ba-ea3660f9c016,,Metronidazole 400mg tablets 500s,,,,,,,,,,Misc,N/A,
78f01ceb-7ef2-4fe4-ae82-d7c6a5916de4,,Loperamide 2mg Capsules,,,,,,,,,,Misc,N/A,
fd508fd9-58b1-454b-bc52-1c570c9b7a09,,Nifedipine 20mg Tablets 100s,,,,,,,,,,Misc,N/A,
bd5e47ad-6b03-4536-a3cb-2d3070ceed59,,Diazepam 5mg Tablets,,,,,,,,,,Misc,N/A,
737422e9-8a39-4b8f-a788-a6f8b912f274,,Metformin Tablets 500Mg (Pack of 30s),,,,,,,,,,Misc,N/A,
df8bda59-8fbb-47d4-9215-1553bbfb0fc6,,Mefenamic Acid 250mg Capsules 100s,,,,,,,,,,Misc,N/A,
07dafedf-7636-4be7-aef0-a20e8c4d6f84,,Glibenclamide 5mg Tablets,,,,,,,,,,Misc,N/A,
946f4e1c-ccc4-43b1-99e8-6f890bfc119b,,Zinc Sulphate 20mg Tablets 100s,,,,,,,,,,Misc,N/A,
a3ee0bf0-e860-47c7-80c2-eab877160181,,Omeprazole Tablet 20mg,,,,,,,,,,Misc,N/A,
879622eb-ff9f-4954-8b2c-0d13607bdf67,,Zinc oxide ointment 100g,,,,,,,,,,Misc,N/A,
f01b3f32-2098-4424-b34f-e951fbb6caf0,,Chlorpromazine 25mg Tablets,,,,,,,,,,Misc,N/A,
4d670a3d-52f6-4d6b-80a4-93dd4b48538e,,Ibuprofen 200mg Tablets,,,,,,,,,,Misc,N/A,
b47a34d8-966d-47a2-8483-8ddb2e48c61e,,Cotrimoxazole 480mg tablet,,,,,,,,,,Misc,N/A,
fc2ffeba-3349-4f26-a3b1-e26181db15e2,,Ketamine 50mg/ml Injection 10ml,,,,,,,,,,Misc,N/A,
afde3d95-07d9-49f4-9441-d0871d5e296a,,Gentamicin 20mg/2mls injection,,,,,,,,,,Misc,N/A,
2b79a135-3925-4209-aafa-d0af064c6bcb,,Flucloxacillin  500mg injection,,,,,,,,,,Misc,N/A,
ba6dd8ca-bf50-46fc-80f9-524d19b46b28,,Amitriptyline 25mg Tablets,,,,,,,,,,Misc,N/A,
a81a706a-fe82-469b-be72-451ca29043eb,,Dextrose 10% solution 500ml,,,,,,,,,,Misc,N/A,
98264752-578f-4870-ba01-46c2d8adbd8e,,Frusemide 20mg/ml Injection 2mls,,,,,,,,,,Misc,N/A,
37faaee7-6e1b-4250-8063-b803bec3ffda,,Suxamethonium 50mg/ml Injection,,,,,,,,,,Misc,N/A,
ee1ef37e-59a8-438e-a43c-ebfff1c3039f,,Oxytocin 10 I.U injection,,,,,,,,,,Misc,N/A,
35be9ea0-8310-4995-831c-981431581a3f,,Metoclopramide 10mg/2ml Injection,,,,,,,,,,Misc,N/A,
0235ceb6-95e9-4656-8b15-d417b183eb65,,Neostigmine 2.5mg/ml Injection 1ml,,,,,,,,,,Misc,N/A,
410d8a9d-dba4-444e-9b27-2e2dc126a17b,,"Adrenaline 1mg/ml injection ",,,,,,,,,,Misc,N/A,
7db45f50-fc9d-471e-b465-3647450f1025,,Fluconazole 50mg/5ml Syrup 35ml,,,,,,,,,,Misc,N/A,
6bbf54b8-f9ea-44eb-aec1-9c6f48e6bf3a,,Bupivacaine and dextrose injection 4mls,,,,,,,,,,Misc,N/A,
593e53f1-2fc8-47d8-b541-b158962b10bc,,Atracurium 10mg/ml Injection 5ml,,,,,,,,,,Misc,N/A,
bc1e964a-ea3d-4cdb-b047-6ee6e48d76c7,,Benzyl penicillin 5m.u  injection,,,,,,,,,,Misc,N/A,
42c28a58-5da4-4eb2-a943-a56eff6b8728,,Lignocaine 2% Injection 30ml,,,,,,,,,,Misc,N/A,
e8368120-0174-40bc-813a-49f44a2628aa,,Gentamicin 80mg/2mls injection,,,,,,,,,,Misc,N/A,
d0dcb34f-9126-4acf-98ad-c8ec67075287,,Sodium bicarbonate Injection 10mls,,,,,,,,,,Misc,N/A,
3bf7daae-5200-40bb-9e57-167e8ad9e5b2,,Midazolam 5mg/5ml Injection 5mls,,,,,,,,,,Misc,N/A,
e2d40e0f-44b2-46a3-85ee-163024799066,,"Haematinic Syrup Iron+ Vitamin B12+Folic Acid, 200ml bottle",,,,,,,,,,Misc,N/A,
be92a0e6-9250-4153-8af6-046de9764225,,Hydralazine 200mg injection  10mls,,,,,,,,,,Misc,N/A,
0e019f52-36c5-459b-98b1-f590b1f2024c,,Water for Injection 10ml,,,,,,,,,,Misc,N/A,
fd431876-819d-4fb2-90f0-96ba7c0367f1,,Atropine Sulphate 1mg/ml  injection,,,,,,,,,,Misc,N/A,
f56aaa9b-2946-489b-8804-29b577591eb6,,Flucloxacillin 125mg/5mls syrup 100mls,,,,,,,,,,Misc,N/A,
d46890f4-771c-4326-8b39-bff5dd9fb82a,,Magnesium sulphate 50% injection* 10mls,,,,,,,,,,Misc,N/A,
992f6185-ada7-428b-aef8-fe7d92aa6e24,,Dextrose 5% solution 500ml,,,,,,,,,,Misc,N/A,
8e8c6654-05d2-4d2c-9177-25e0275102f6,,Activated Charcoal Tablets 1000s,,,,,,,,,,Misc,N/A,
0d32a89b-6377-4452-a4ee-25cfc10b1b71,,Metronidazole 200mg/5mls syrup 60mls,,,,,,,,,,Misc,N/A,
276b10a3-908f-4d3e-ac95-29b632dcdf22,,Pancuronium 4mg/ml Injection,,,,,,,,,,Misc,N/A,
1c0ad1ae-7dd5-44e5-9ca4-55df0decb4bc,,Magnesium trisilicate tablets (Magnocid tablets),,,,,,,,,,Misc,N/A,
a58ab1b8-6634-4a23-a4f5-1c581b1145e8,,Benzathine Penicillin 2.4 mu injection,,,,,,,,,,Misc,N/A,
0bae452b-5404-439d-a7e2-1486533f99ec,,Benzyl penicillin  1m.u  injection,,,,,,,,,,Misc,N/A,
2e9e7e88-7067-492a-a669-ebf3531ef96f,,CIPROFLOXACIN 250MG/5ML SUSPENSION,,,,,,,,,,Misc,N/A,
dc85ac15-58da-46f0-b24d-eb70e45c4b30,,Neostigmine 0.5mg/ml Injection 1ml,,,,,,,,,,Misc,N/A,
599174d9-69ae-4e8b-be43-4fc0798d3f9d,,"Oxytocin 5 I.U injection ",,,,,,,,,,Misc,N/A,
08ef86bc-a184-424c-8ae3-8f190475f582,,Tetracaine 0.5% eye Drops 15ml,,,,,,,,,,Misc,N/A,
046d1494-29a4-4e10-bb29-16ac22f5a3a1,,"Heparin Sodium Injection 25,000 units/ml in Ampoule Amp.",,,,,,,,,,Misc,N/A,
15fc348a-86b0-4a7d-9a64-f8df23ddeb04,,Pyridoxine 50mg Tablets 100s,,,,,,,,,,Misc,N/A,
fab14dea-617d-4ae4-a4d8-621ca2161c29,,Vitamin B6 50mg Tablets 100s,,,,,,,,,,Misc,N/A,
73702ef6-7df1-4f5f-9c09-f88bc38ece91,,Salbutamol 4mg tablet,,,,,,,,,,Misc,N/A,
604cccf8-0c9b-412c-92c1-7bdacf4eea9d,,Marcaine spinal 0.5% 4ml injection,,,,,,,,,,Misc,N/A,
d01f25be-2eef-4424-8ecf-b16f6c187391,,Bupivacaine 4ml injection,,,,,,,,,,Misc,N/A,
4b456b57-5e44-4240-9052-85f8bf094a74,,PHENOBARBITONE 120MG INJ,,,,,,,,,,Misc,N/A,
549879c7-4fed-4ef4-8e25-22797659dbda,,Atenolol 25mg Tablets,,,,,,,,,,Misc,N/A,
e37e16a4-0f2e-4b0e-a806-58eb2cbc1fe3,,Enalapril 10mg Tablets 28s,,,,,,,,,,Misc,N/A,
51ef3cbf-c584-496c-ad3a-6299cc0aa600,,Folic Acid 5mg Tablets 1000s,,,,,,,,,,Misc,N/A,
ff2537c9-9f84-4900-a097-012255137d85,,Meloxicam 7.5mg Tablets,,,,,,,,,,Misc,N/A,
7d5b1653-aa29-41f9-a2d1-670ca6e01d9e,,Cotrimoxazole 960mg tablet 100s,,,,,,,,,,Misc,N/A,
4be45703-bf25-458b-980d-531c05137656,,Phenytoin 100mg Tablets 1000s,,,,,,,,,,Misc,N/A,
03700436-1dfd-404d-b1ce-d8305f855028,,Tinidazole 500mg tablets,,,,,,,,,,Misc,N/A,
904b44d2-efad-4a86-b074-d327513fe555,,Chlorpromazine 100mg Tablets 100s,,,,,,,,,,Misc,N/A,
b65fb99a-5964-4960-9f30-f9d9233cc176,,Diclofen SR 100mg Tablets 100s,,,,,,,,,,Misc,N/A,
522ae995-d701-4fc0-a4c0-9ee0b527756e,,Amlodipine 5mg Tablets,,,,,,,,,,Misc,N/A,
562e5775-77df-4c5d-813d-daa4ad942fa1,,Amoxicillin 250mg capsules,,,,,,,,,,Misc,N/A,
75510fd5-60f0-4acd-9dda-617ab7096c65,,Nitrofurantoin Tablet,,,,,,,,,,Misc,N/A,
9939d843-8b15-4d5f-ac2f-8ddf2d2d074d,,Flagyl 400mg tablets 100s,,,,,,,,,,Misc,N/A,
a6e1067c-a806-4260-bf7c-7685c5a54fcb,,Amoxicillin 250mg tablets 100s,,,,,,,,,,Misc,N/A,
6d25344a-e685-44e8-8f53-18c9284fd895,,Metformin Tablet 850mg,,,,,,,,,,Misc,N/A,
0eee5e28-b2f3-4f42-9178-cda3d6c6cbd1,,Cetrizine 10mg tablets,,,,,,,,,,Misc,N/A,
8ced60df-b787-41fc-be76-e46b170e5745,,Amlodipine 10mg Tablets 30s,,,,,,,,,,Misc,N/A,
9d7c19fd-c410-45e5-a91c-600431e95e8d,,Dapsone 100mg Tablets 100s,,,,,,,,,,Misc,N/A,
f7f9ce37-4b3d-4d8d-ba41-8c10bb5e4628,,Cledomox 228mg tablets 10s,,,,,,,,,,Misc,N/A,
544b24ae-95ff-4ff4-9bca-aa0638b124b4,,Doxycycline 100mg capsules 50s,,,,,,,,,,Misc,N/A,
2a91c9ec-3536-4675-86e6-8c6aa3252996,,Ciprofloxacin 250mg tablets 10s,,,,,,,,,,Misc,N/A,
9dd7c443-4393-46e7-8f78-1997fb410943,,Haloperidol 5mg Tablets,,,,,,,,,,Misc,N/A,
672f2c5f-efc8-40fd-a324-60b8427aed80,,Losartan/Hydrochlorthiazide 50mg/12.5mg Tablets 30s,,,,,,,,,,Misc,N/A,
9a6f9644-a3b3-49c3-b9e2-0fc584260863,,Atorvastatin 10mg Tablets 28s,,,,,,,,,,Misc,N/A,
cf434245-a5a3-4e9b-ba23-093859d9c1a5,,Dexamethasone 2mg tablets 1000s,,,,,,,,,,Misc,N/A,
91cfb134-2375-4724-bfd1-5be26fa5c1cd,,Ranitidine 150mg Tablets,,,,,,,,,,Misc,N/A,
61c229ca-80c9-4c36-876a-7ecdee41bf9c,,Griseofulvin 125mg Tablets 100s,,,,,,,,,,Misc,N/A,
27962be5-487e-484f-8d35-9838d0baae4f,,Carbimazole 5mg Tablets 100s,,,,,,,,,,Misc,N/A,
9bf22f7c-6c1a-4462-9d72-5acab46bca57,,Carvedilol 6.25mg Tablets 28s,,,,,,,,,,Misc,N/A,
4f205861-690c-45d8-8d4a-9fce3376967b,,Esomeprazole 20mg Tablets 30s,,,,,,,,,,Misc,N/A,
3ce10558-316e-476c-86ff-82f0345eba6c,,Finemox CV 1000mg tablets 10s,,,,,,,,,,Misc,N/A,
99a52ac0-2a7b-4af5-8df3-46bde23a01fc,,Fluconazole 200mg Capsules 10s,,,,,,,,,,Misc,N/A,
b08b710f-d111-4ff7-932c-d4d7491453aa,,Ketoconazole 200mg Tablets 10s,,,,,,,,,,Misc,N/A,
6d027f89-8c68-4922-ad1b-e5af55e30f82,,Tramadol 50mg Capsules,,,,,,,,,,Misc,N/A,
9b652bcb-c425-4fe9-b0e9-ec650b0bb5ca,,Atorvastatin 20mg Tablets 28s,,,,,,,,,,Misc,N/A,
c0a7790e-a487-4872-8126-f2df8b180ccf,,Metronidazole/diloxanide furoate 200mg/250mg tablets 30s,,,,,,,,,,Misc,N/A,
1c52ca81-4986-479e-9861-e9091a57298c,,Albendazole 400mg Tablets 1s,,,,,,,,,,Misc,N/A,
90ab3e0e-c0a6-43ff-abb4-dd5ff3ce3865,,Cloxacillin 250mg capsules 100s,,,,,,,,,,Misc,N/A,
83728914-c069-4eb5-937b-675a1a0bf3f4,,Ciprofloxacin 500mg tablets,,,,,,,,,,Misc,N/A,
8d541212-f8eb-4721-a23c-865cd97b0300,,Methyldopa 250mg Tablets,,,,,,,,,,Misc,N/A,
8ccb9449-ed7b-4eab-b37b-5976e0a7cb8d,,"Vitamin A 50,000i.u Capsules 1000s",,,,,,,,,,Misc,N/A,
b5070586-2d4e-4014-a7b5-7d95a4a8dc40,,Gliclazide 80mg tablets 30s,,,,,,,,,,Misc,N/A,
e0b65cd9-0e15-47d5-b192-bfb3808b6c31,,Erythromycin 250mg tablets,,,,,,,,,,Misc,N/A,
0ccd5d75-56da-4a0d-9c3b-325b219cadc0,,Spironolactone 25mg Tablets,,,,,,,,,,Misc,N/A,
1c76ff04-f210-47fd-afdf-b767f0b593a0,,Flucloxacillin 250mg capsules 28s,,,,,,,,,,Misc,N/A,
be6ea3e6-f02e-412e-b5e1-25e626fc8907,,Sodium valproate 200mg Tablets 100s,,,,,,,,,,Misc,N/A,
92442b38-5a9f-457f-9ced-da90dfed8fc1,,Loratadine 10mg tablets,,,,,,,,,,Misc,N/A,
900e5e89-6dd9-4a45-90b5-3e475ebbd29c,,DIGOXIN 250MCG TABLETS,,,,,,,,,,Misc,N/A,
68f51d21-e015-4777-9737-c0e5e7f7b8a6,,Norfloxacin 400mg tablets 100s,,,,,,,,,,Misc,N/A,
988995ab-b872-4488-8395-a459b159e29e,,Carvedilol 12.5mg Tablets 28s,,,,,,,,,,Misc,N/A,
5b5a5804-effb-440a-95df-de4862673fe8,,Microfine plus pen Needles G30 100s,,,,,,,,,,Misc,N/A,
2c44e707-9596-4503-8144-1445326c1f76,,Hydralazine 25mg Tablets 56s,,,,,,,,,,Misc,N/A,
3755a5ed-83f9-4f5d-b39f-2ab3e3e14210,,"Rifampicin 300mg Capsules 100s ",,,,,,,,,,Misc,N/A,
3b2161c5-b7dd-4d98-ad3e-c0a52ed320c8,,Chlorpheniramine 10mg/ml injection,,,,,,,,,,Misc,N/A,
9b5bfa33-bfe5-472d-ab92-5ebb22f3410f,,CHLOPROMAZINE  50MG TABS,,,,,,,,,,Misc,N/A,
9490bf40-e7a4-426b-82c1-994c664f9b48,,Domperidone 10mg Tablets 100s,,,,,,,,,,Misc,N/A,
e7aa81d4-2c9d-40fb-a3de-33f030848c9e,,Tamoxifen 10mg Tablets 30s,,,,,,,,,,Misc,N/A,
6974d4b8-5fd0-4af3-b258-df28053430e7,,Vitamin B Complex Tablets,,,,,,,,,,Misc,N/A,
abcc047c-ff96-4a14-96b9-154afe41845f,,Flucloxacillin  500mg capsule 100s,,,,,,,,,,Misc,N/A,
0327daad-2d48-4d6a-815e-a5c52a4ce218,,Nalidixic acid 500mgtablets 100s,,,,,,,,,,Misc,N/A,
55b7594b-2849-4668-bacf-339aa4f6e48a,,Warfarin 1mg Tablets 28s,,,,,,,,,,Misc,N/A,
88777cca-b1a1-4bb8-bb8e-3a708a80f17d,,Diclofenac sodium 75mg/3ml Injection,,,,,,,,,,Misc,N/A,
8d6ecb21-17ce-4d8b-b246-03a0069df9e1,,Griseofulvin 250mg Tablets 100s,,,,,,,,,,Misc,N/A,
0625cca1-080f-426b-9ab9-4aabdeb6b687,,Verapamil 40mg Tablets 84s,,,,,,,,,,Misc,N/A,
713b62fd-638b-4836-bd21-5796cbfdee32,,Albendazole 200mg Tablets 1s,,,,,,,,,,Misc,N/A,
7652b4b6-7da9-47e4-a029-f435d9c1f53c,,Griseofulvin 500mg Tablets,,,,,,,,,,Misc,N/A,
7061e3ba-98b8-472e-8d5d-701b76d9e642,,Methyldopa 500mg Tablets 500s,,,,,,,,,,Misc,N/A,
07e6e3e5-8b2b-4a12-a7ea-f570340711f1,,Acyclovir 400mg Tablets,,,,,,,,,,Misc,N/A,
a12889c6-dbc1-4bf0-a563-db6c784cc513,,Hyoscine N-butylbromide 10mg Tablets,,,,,,,,,,Misc,N/A,
f65c6251-fa2c-4384-a603-1e9f357ef38d,,Carvedilol 3.125mg Tablets 28s,,,,,,,,,,Misc,N/A,
076daff9-632d-4521-beca-66c8cc4238d7,,Cefadroxil DT 500mg tablets 60s,,,,,,,,,,Misc,N/A,
c3a4fcba-7177-4653-bfab-6491485cf81b,,Warfarin 5mg Tablets 28s,,,,,,,,,,Misc,N/A,
b198e40c-4388-4a1e-a876-d23fdfa0ea40,,Dihydrocodein 30mg Tablets 100s,,,,,,,,,,Misc,N/A,
7dd46482-90f0-4142-a87c-9a4db0c196eb,,ORS Satchets 50s,,,,,,,,,,Misc,N/A,
a9c1d308-6a59-47f6-a110-9f3a5a348cc9,,Clindamycin 150mg capsules 100s,,,,,,,,,,Misc,N/A,
0ff5a2b5-df67-4262-9ca6-fc2e10211f5e,,Erythromycin 500mg tablets 100s,,,,,,,,,,Misc,N/A,
3960ae11-95a1-4325-93ff-f2de0a4d215a,,Venlafaxine 75mg Capsules 28s,,,,,,,,,,Misc,N/A,
0145ef3b-8644-4b62-830d-edba816076d0,,Oxybutynin 5mg tablets 100s,,,,,,,,,,Misc,N/A,
56736d59-d0ad-453d-9598-3c00cd05e1d7,,Thyroxine 25mcg Tablets 28s,,,,,,,,,,Misc,N/A,
abe01a5f-5c79-4a4c-8d48-375fa2467b72,,Imipramine 25mg Tablets 28s,,,,,,,,,,Misc,N/A,
279f7815-1eb4-468a-a5fb-ff4a9fd821d9,,Levofloxacin 500mg tablets 10s,,,,,,,,,,Misc,N/A,
8dce4bb5-b460-4645-93dc-43cb64c3f950,,Betamethasone 4mg/ml injection,,,,,,,,,,Misc,N/A,
47eba4cc-e5e5-4c35-9756-9b84f1b42b46,,Ondansetron 4mg Tablets 10s,,,,,,,,,,Misc,N/A,
49d8fe54-d224-4e4a-af78-3e0b473cd307,,Glyceryl trinitrate 0.5mg Tablets,,,,,,,,,,Misc,N/A,
ea807d32-01fe-4c50-9e50-d1f063b565aa,,Paracetamol 125mg suppository,,,,,,,,,,Misc,N/A,
5537a362-f77c-413b-9e89-caee5b237774,,Paracetamol 250mg suppository,,,,,,,,,,Misc,N/A,
19dabe4e-a318-4a84-9347-96eb19a2e339,,Tramadol  50mg/ml Injection,,,,,,,,,,Misc,N/A,
9362c2c1-b666-4d25-a315-c710a0d94503,,Olanzapine 5mg Tablets 30s,,,,,,,,,,Misc,N/A,
4cc6f3f2-0054-49f2-afeb-fd6d33f77d4f,,Clomiphene 50mg  tablets 30s,,,,,,,,,,Misc,N/A,
5dc8b69a-c19b-4fc3-bbba-92af90c04b8b,,"Ergometrine 0.5mg injection ",,,,,,,,,,Misc,N/A,
136d7e22-1a3a-4f3b-9fe0-78b714fc530f,,Tramadol 100mg Capsules 30s,,,,,,,,,,Misc,N/A,
2f62466c-1eda-4ead-a885-93b1c74652b7,,Econazole 2% eye Drops 5ml,,,,,,,,,,Misc,N/A,
6eca5603-b7ec-4f35-93fd-538644c860fe,,Thyroxine 50mcg Tablets,,,,,,,,,,Misc,N/A,
228e266d-385d-4d57-9123-e39c3cee86f3,,Thyroxine 100mcg Tablets 28s,,,,,,,,,,Misc,N/A,
afc28f6f-f8b6-4278-a5b2-a62ecb89c5f4,,Cefadroxil DT 250mg tablets 100s,,,,,,,,,,Misc,N/A,
5c8c5be2-4d94-4d2f-a7be-138167bfa9dd,,Codein phosphate 30mg Tablets,,,,,,,,,,Misc,N/A,
884be5fe-a6c9-4d1f-bd4a-10457def169c,,Glipizide 5mg Tablets 30s,,,,,,,,,,Misc,N/A,
87c030a4-d000-4e8e-9bc1-d292168de57a,,Losartan 50mg Tablets 28s,,,,,,,,,,Misc,N/A,
3f29043e-e098-46d2-8b92-6073e34694bd,,Montelukast 5mg tablet 28s,,,,,,,,,,Misc,N/A,
f3b6390e-90f0-4b81-9900-1281d9320eeb,,Clonazepam 0.5mg Tablets 50s,,,,,,,,,,Misc,N/A,
1dfb5014-7301-4144-af92-7c4ba295de03,,Bromazepam 1.5mg Tablets 30s,,,,,,,,,,Misc,N/A,
84d6cd24-c17e-47a6-ab82-6376cfbf43cf,,Chlorpromazine 25mg/ml Injection 2mls,,,,,,,,,,Misc,N/A,
2bb96253-8ce8-4ab6-abd6-81ddc6ac2574,,Pralidoxime 200mg injection,,,,,,,,,,Misc,N/A,
63a85375-f217-4d11-b979-a033e27faf24,,Streptomcin 1g Injection,,,,,,,,,,Misc,N/A,
1776826f-12c1-4cd2-8f5a-4314aeadfe91,,Spironolactone 50mg Tablets 28s,,,,,,,,,,Misc,N/A,
6035157d-bf8c-44dc-87c1-81d49a386e35,,Medroxyprogesterone 5mg tablets 30s,,,,,,,,,,Misc,N/A,
069b3bbb-2cd3-406c-af77-5369f330bb0b,,Norethisterone 5mg tablets 100s,,,,,,,,,,Misc,N/A,
49310785-c454-40cc-b347-6a80f328e031,,Clopidogrel 75mg Tablets 28s,,,,,,,,,,Misc,N/A,
8c06eb2d-6c4c-4dae-8c20-255e744aa4a5,,Digoxin 0.0625mg Tablets 28s,,,,,,,,,,Misc,N/A,
48214d58-b4d0-44de-a55a-e720eceaf803,,Carvedilol 25mg Tablets 28s,,,,,,,,,,Misc,N/A,
f3271887-55d5-4587-8457-c70ad530c2ba,,Etofylline/theophylline injection,,,,,,,,,,Misc,N/A,
c892307f-ca2a-4737-b114-62f6d668f37d,,Diclofenac sodium 50mg Suppository 10s,,,,,,,,,,Misc,N/A,
3227fbd6-10e5-4b9b-8b91-c4a800792f5e,,Bromazepam 3mg Tablets 30s,,,,,,,,,,Misc,N/A,
bb503a85-c1d2-487f-909c-fefc7d9fa306,,Pioglitazone 15mg Tablets 30s,,,,,,,,,,Misc,N/A,
c35766a2-1356-4215-8cdd-5c577046d013,,Lincomycin 500mg capsules 100s,,,,,,,,,,Misc,N/A,
18064518-a83c-4427-8c15-a866fd6e5dfc,,Paracetamol/codeine/caffeine/doxylamine 450mg/10mg/5mg/50mg Tablets 18s,,,,,,,,,,Misc,N/A,
636b769f-c77e-4136-88da-5e6cc197db38,,Calter plus tablets 30s,,,,,,,,,,Misc,N/A,
c237c074-ccbb-451d-a521-5b745bda68fc,,Cloxacillin 500mg injection,,,,,,,,,,Misc,N/A,
a98f6b3c-0b35-4435-af38-130311b46fd8,,Diclofenac sodium 100mg Suppository 10s,,,,,,,,,,Misc,N/A,
a204eafe-14a3-447c-a81f-edf0dcc506b2,,Glimepiride 1mg Tablets 20s,,,,,,,,,,Misc,N/A,
54fdd602-9dfa-4018-9620-23ced853adc4,,Clotrimazol cream 20g,,,,,,,,,,Misc,N/A,
57a55723-e5e2-40a3-bc84-27bf2ea58490,,Cotrimoxazole 240mg/5mls syrup,,,,,,,,,,Misc,N/A,
cbdb5d69-f72f-4ecc-8175-e170c3c52c27,,Ranitidine 50mg/2ml Injection,,,,,,,,,,Misc,N/A,
2e827996-db0b-40dd-9cf0-6e8f8c9f7d55,,Tranexamic Acid 500mg Capsules 20s,,,,,,,,,,Misc,N/A,
ba8c4fbe-fb64-4406-9391-b857c023cce7,,Clindamycin 300mg capsules 100s,,,,,,,,,,Misc,N/A,
fc2ea862-f760-4108-a583-f9d97ab7e6e0,,Chloramphenicol 0.5% eye drops 10ml,,,,,,,,,,Misc,N/A,
dd70d957-f9e6-4855-8978-b1959ee4bdbe,,Tetracycline 1% eye Ointment 3.5g,,,,,,,,,,Misc,N/A,
e7b8ef88-a4ff-4a82-bc1f-d2f5104149ec,,Lansoprazole 15mg DT Tablets 10s,,,,,,,,,,Misc,N/A,
64d945f1-0279-4077-901d-cec89ed7c05d,,Chlorpheniramine 2mg/5mls syrup 60mls,,,,,,,,,,Misc,N/A,
b496c9a1-c259-4ccf-9e00-f97a8c1851cc,,Sertaline 50mg Tablets 28s,,,,,,,,,,Misc,N/A,
41362ec0-29c4-4bfe-a3b0-979e558c3805,,Tranexamic Acid 250mg Capsules 20s,,,,,,,,,,Misc,N/A,
7399a83e-9514-4e34-988e-218728867999,,Vitamin B12 injection,,,,,,,,,,Misc,N/A,
84ba11c6-85d7-4160-95b8-42c2cbe2f3fb,,Amoxicillin / Clavulanate 625mg tablets 20s,,,,,,,,,,Misc,N/A,
91c9c722-041d-498f-817b-4e7b4e922479,,Tobradex 0.1%/0.3% eye Drops 5ml,,,,,,,,,,Misc,N/A,
98b65387-65e2-49af-a8cb-e6177dbb1f61,,Fresubin original 500ml,,,,,,,,,,Misc,N/A,
d183953c-5dda-4cee-899f-4224d9c51973,,Betamethasone cream 15g,,,,,,,,,,Misc,N/A,
9dee5705-55de-454a-96d8-6b79db1dec57,,Aminosidine 250mg tablets 1000s,,,,,,,,,,Misc,N/A,
9822b6aa-7c44-4c89-9a92-55552121a1e5,,Amoxicillin / Clavulanate 375mg tablets 20s,,,,,,,,,,Misc,N/A,
29185529-17f4-4b7a-967b-a31b32d2dec2,,Diclofenac sodium/paracetamol/chlorzoxazone Tablets 10s,,,,,,,,,,Misc,N/A,
192ef874-c9dc-406c-aedb-45e846fa2c6f,,Aceclofenac 100mg Tablets 30s,,,,,,,,,,Misc,N/A,
928cfbcc-c8ed-4d9b-93a7-b08458233f63,,"Ibuprofen 100mg/5ml Syrup 60ml ",,,,,,,,,,Misc,N/A,
3f9a096e-85b9-4a78-bd7e-81157cdecdd0,,Tetracycline 1% eye Ointment 5g,,,,,,,,,,Misc,N/A,
09c0c508-94fd-4873-a60b-e0b114120755,,Glucosamine/Chondroitin 500/400mg Tablets 30s,,,,,,,,,,Misc,N/A,
0f541681-2ca3-4b2a-8d15-2732528f1f2c,,Paracetamol 120mg/5ml Syrup 60mls,,,,,,,,,,Misc,N/A,
63fa880b-50ff-4eec-93b1-e8c40ac8ef19,,Salbutamol 2mg/5mls,,,,,,,,,,Misc,N/A,
5ae545eb-fdf9-4fb5-8a87-61d5f39ae8e2,,Clonazepam 2mg Tablets 30s,,,,,,,,,,Misc,N/A,
d4f50fa6-3bf1-4abf-8107-4392aec6cc7a,,Methotrexate 2.5mg Tablets 100s,,,,,,,,,,Misc,N/A,
76013e1a-8c5c-4184-8621-b60592edd159,,Quinine 600mg/2ml Injection,,,,,,,,,,Misc,N/A,
6f55140a-b025-4c3f-8d12-a4f1043225fe,,Ampicillin   250mg injection,,,,,,,,,,Misc,N/A,
e245bb92-b7f7-4509-869a-f556b8fa574a,,Cefixime 400mg tablets 6s,,,,,,,,,,Misc,N/A,
4e3f7e3c-cf62-421f-973f-6fca1af2f722,,Metronidazole 5mg/ml injection 100mls,,,,,,,,,,Misc,N/A,
6e7e0fa9-3d1e-4b63-80de-8b955ab57d24,,Clarithromycin 250mg tablet 20s,,,,,,,,,,Misc,N/A,
c193f739-cc6a-4651-b46e-831bc74670a1,,Sulphasalazine 500mg Tablets 100s,,,,,,,,,,Misc,N/A,
9516ced5-ceae-4c5e-8138-5661609d1986,,Metoclopramide 5mg/5ml Syrup 60ml,,,,,,,,,,Misc,N/A,
39aadb92-58b9-4357-a6f9-8d399f3d3ecb,,Acyclovir 200mg Tablets 100s,,,,,,,,,,Misc,N/A,
e9a6be9a-4fa2-476a-89b6-d0ceaeeea05e,,Tamsulosin  0.4mg Tablets 100s,,,,,,,,,,Misc,N/A,
0bccb8ac-5f6a-4928-b9d4-b57fbbeceff8,,Flagyl 200mg/5mls syrup 100mls,,,,,,,,,,Misc,N/A,
fc134100-a508-4a1c-a4d7-fd804b923926,,Diazepam Tablets 10mg Tab.,,,,,,,,,,Misc,N/A,
c37df494-8434-4129-89d7-73558dab8d58,,Salbutamol Syrup (2mg),,,,,,,,,,Misc,N/A,
0de5180e-0184-4ac3-a083-4ca9e40eae73,,"Ibuprofen 100mg/5ml Syrup 100mls ",,,,,,,,,,Misc,N/A,
63f14177-79d1-45bf-880b-f8ebd7a8c382,,Diazepam 2.5mg Rectal Suppositories,,,,,,,,,,Misc,N/A,
7ab88dca-ca37-47c8-b4df-753403c6ba2c,,Metoprolol 50mg Tablets 30s,,,,,,,,,,Misc,N/A,
fbb4f14a-3069-4ed6-9f49-03ea425e2050,,Amoxicillin 125mg/5mls syrup 100mls,,,,,,,,,,Misc,N/A,
28f64aa8-0e4c-48a6-b60a-c2bad479b2d1,,Glimepiride 2mg Tablets 20s,,,,,,,,,,Misc,N/A,
f1eb0c06-2186-4558-ac77-422c6493c895,,Paracetamol 120mg/5ml Syrup 100mls,,,,,,,,,,Misc,N/A,
c8bfa29a-ea70-4aa3-96ff-296a6b2023ea,,Hydrocortisone cream 15g,,,,,,,,,,Misc,N/A,
80887c94-2649-4cf0-8c5b-6326b7eb0724,,Gentamycin 0.3% ear Drops 5ml,,,,,,,,,,Misc,N/A,
0375a2f3-03ce-464f-a02b-0e374623512f,,Cetrizine 5mg/5mls syrup 50mls,,,,,,,,,,Misc,N/A,
d3433f62-2055-4608-a144-22618fe7e25b,,Hydrogen peroxide liquid solution 200mls,,,,,,,,,,Misc,N/A,
b7a5f2b4-e370-44ce-bdc5-6dfefed8d07f,,Chloramphenicol 5% ear Drops 10ml,,,,,,,,,,Misc,N/A,
44b48dfd-3638-4ef7-a350-8b8644c4f4f6,,Multivitamin Syrup 60ml,,,,,,,,,,Misc,N/A,
f1073c36-4a0f-486a-a11a-6bb596e6fb1c,,Betamethasone 0.1% eye Drops 5ml,,,,,,,,,,Misc,N/A,
4d9c334a-4988-41e0-95e5-fdead3f8e3eb,,Ceftriaxone 250mg injection,,,,,,,,,,Misc,N/A,
073b6e03-0018-4551-834f-fa4f407a6931,,vitamin B Complex Injection 10mls,,,,,,,,,,Misc,N/A,
28ac8351-c143-458f-8614-e5d770fa7dc9,,Albendazole 200mg/5ml Syrup 10ml,,,,,,,,,,Misc,N/A,
13829096-c054-43d1-8111-2e7c15ab225f,,Flumox 500mg capsules 8s,,,,,,,,,,Misc,N/A,
1c523ab8-7e96-4292-98fe-ea2fd878ff70,,Ceftriaxone 1g injection,,,,,,,,,,Misc,N/A,
553da580-28b7-49a2-970a-a279acf5f28d,,Multivitamin Syrup 100ml,,,,,,,,,,Misc,N/A,
b6956a86-46ff-4130-8e18-396cb2f26ffe,,DICLOFENAC GEL 1% MEDS 15GM,,,,,,,,,,Misc,N/A,
71596c38-636e-4590-bd67-1bba1237934b,,Ciprofloxacin 750mg tablets 10s,,,,,,,,,,Misc,N/A,
fc0d6951-5341-4533-97cc-18ea9ccbbc30,,Amoxil 125mg/5mls syrup 100mls,,,,,,,,,,Misc,N/A,
d8be2422-63f9-4fdd-baf4-45130bc384c3,,Lamotrigine 5mg  Tablets 30s,,,,,,,,,,Misc,N/A,
2ae55096-1c5d-45fa-8800-6200e626256a,,Water for Injection 100ml,,,,,,,,,,Misc,N/A,
e217772c-c2b4-487a-94f6-df11a8ea4456,,Misoprostol 200mcg Tablets,,,,,,,,,,Misc,N/A,
1cb7fa2c-3757-4d8e-9aec-80c80321cf19,,Hydrocortisone ointment 15g,,,,,,,,,,Misc,N/A,
d5fec0a7-5979-49f9-a7fc-dfa3a44adb88,,Sodium valproate 300mg Tablets 30s,,,,,,,,,,Misc,N/A,
8c53c392-cd2d-42f0-abf3-2ee783453e4e,,Diclofenac potassium 25mg Tablets 20s,,,,,,,,,,Misc,N/A,
812dc4e0-4019-45c9-87be-e452f975fa1b,,Pantoprazole 20mg Tablets 28s,,,,,,,,,,Misc,N/A,
4181d4e4-4db6-4bec-871c-f08b7f7c72a5,,Fenofibrate 200mg Tablets 30s,,,,,,,,,,Misc,N/A,
76b7c98d-3c0f-44d4-bb80-3e4dc9753050,,Ringers Solution 500ml,,,,,,,,,,Misc,N/A,
996ba4f9-1118-4b7c-a0c7-f1f719a28806,,Leflunomide 20mg Tablets 100s,,,,,,,,,,Misc,N/A,
a3c32a40-da5a-451c-b88e-9f5ea2e8ce00,,Acetazolamide 250mg tablets 100s,,,,,,,,,,Misc,N/A,
909ed2a6-9296-4ca6-abb8-43fa4ce889fb,,Fluconazole 150mg Capsules 1s,,,,,,,,,,Misc,N/A,
ce99ee84-2b1c-44a1-b9fb-95bdb5d368df,,Hydrocortisone 100mg injection,,,,,,,,,,Misc,N/A,
c1ec4127-a4b3-469a-931a-9d887a7d5962,,Ampicillin 500mg injection,,,,,,,,,,Misc,N/A,
fa5ce45a-1784-4c68-ae3c-3b1243904d2d,,Benzyl benzoate lotion 100mls,,,,,,,,,,Misc,N/A,
3a91c704-824e-4316-92f1-104163de0161,,Sodium valproate 500mg Tablets 30s,,,,,,,,,,Misc,N/A,
32a99d4b-a545-4c59-a0f9-798a83779b6d,,Levofloxacin 250mg tablets 5s,,,,,,,,,,Misc,N/A,
604ea025-bfc6-475a-9b5d-1306ae4cf830,,Fluconazole 50mg Capsules 50s,,,,,,,,,,Misc,N/A,
8ec44c3c-82d7-4153-8645-c682c0ed2cb1,,"Nystatin 100,000i.u/ml oral drops 30ml",,,,,,,,,,Misc,N/A,
59f76cc9-9f9a-4c37-8ca9-d2cc1c7dda82,,"Flucloxacillin 250mg injection ",,,,,,,,,,Misc,N/A,
8cf21919-6f46-432e-8e32-da8f00702292,,Chloramphenicol 1g injection,,,,,,,,,,Misc,N/A,
68ae1a56-de64-4a74-979b-d470d3d750d8,,Povidone iodine mouth wash 100ml,,,,,,,,,,Misc,N/A,
8d55c883-6657-4859-8d32-aa142f41575e,,Ondansetron 4mg/2ml Injection,,,,,,,,,,Misc,N/A,
ea6d9d2d-fb70-4858-9a4d-192e8eece6e1,,Ciprofloxacin 0.3% eye/ ear Drops 5ml,,,,,,,,,,Misc,N/A,
5e715e5f-ad05-412d-ab9d-86291fbc48ac,,Ofloxacin 0.3% eye Drops 5ml,,,,,,,,,,Misc,N/A,
5f6c7bca-f93c-46f0-9ca5-3d8b808a3678,,Liquid Paraffin 100ml,,,,,,,,,,Misc,N/A,
67958b7e-3efc-468f-a2e3-e1d0789c0d8d,,Propylthiouracil 50mg Tablets,,,,,,,,,,Misc,N/A,
b1e600b1-6589-4113-ae94-b658f81a7b69,,Povidone iodine solution 1l,,,,,,,,,,Misc,N/A,
57d3b1e3-1017-4825-9d39-92a88af04ab6,,Calamine lotion 100mls,,,,,,,,,,Misc,N/A,
397e674e-516d-43a6-b19a-2b821db69a31,,Methylphenidate 10mg Tablets 30s,,,,,,,,,,Misc,N/A,
51bcffae-e7c1-4727-818a-cd5d841a1254,,Fluoxetine 20mg Capsules 30s,,,,,,,,,,Misc,N/A,
b2cf9443-2deb-4346-8739-56f23dbed688,,Ampicillin/ cloxacillin 250mg/5mls syrup 100mls,,,,,,,,,,Misc,N/A,
9f31b794-50b9-45a2-9d2e-b86809cc75c9,,Cefuroxime 250mg tablets 10s,,,,,,,,,,Misc,N/A,
b602738c-a762-4d74-b344-410bf1b216a1,,Lignocaine 2% Injection 5ml,,,,,,,,,,Misc,N/A,
9658b121-ee7c-4a1d-808f-c55b8606d943,,NORMAL SALINE 100ML 1S,,,,,,,,,,Misc,N/A,
3a514125-5951-405e-a06d-d6411ffb1374,,DIAZEPAM INJ 2ML,,,,,,,,,,Misc,N/A,
e34c6349-358d-474d-b46d-afb1fc5c6454,,Amoxil 250mg/5mls syrup 100mls,,,,,,,,,,Misc,N/A,
6614b8ad-5ee5-4051-928d-f6e8641adbc0,,Pethidine 50mg Injection 1ml,,,,,,,,,,Misc,N/A,
60a28088-16c8-42b0-b9ab-40f6f415689a,,Amiodarone 200mg Tablets 30s,,,,,,,,,,Misc,N/A,
7be35f9a-9f79-41f9-97a3-d2d95033f065,,Azithromycin 500mg capsules 3s,,,,,,,,,,Misc,N/A,
2f87ddbd-b16d-4211-8311-30a3af0ab9e3,,Dexamethasone/Neomycin/ Chloramphenicol  drops 5mls,,,,,,,,,,Misc,N/A,
72c49652-f0d4-42a9-8066-79f077aa8067,,Ethamsylate 500mg Tablets 18s,,,,,,,,,,Misc,N/A,
b6c47e9d-4c53-4609-80d7-35b36b5eaed0,,Cyclophosphamide 50mg Tablets 50s,,,,,,,,,,Misc,N/A,
bc7a1b00-f66f-4d9b-ac2f-7937901e1b9a,,Calcium gluconate 1g Injection 10ml,,,,,,,,,,Misc,N/A,
b723cb8c-a8bd-48b2-8a11-2beae632ae78,,Midazolam 15mg Tablets 10s,,,,,,,,,,Misc,N/A,
6616717c-8eaa-4094-8280-32a9fe762639,,Ofloxacin/Dexamethasone eye Drops 5ml,,,,,,,,,,Misc,N/A,
286c9052-b86a-450a-8811-b8896eb892a0,,Zinc oxide/Bismuth oxide Suppository 10s,,,,,,,,,,Misc,N/A,
1adcbac3-c1f5-4de9-8c8b-d5fdb2c01535,,Pure glycerine 50mls,,,,,,,,,,Misc,N/A,
6adbb230-6f7b-47b6-898b-c1d57bfd2a64,,Darrows 1/2 strength Solution 500ml,,,,,,,,,,Misc,N/A,
d83a6cd1-a283-4073-85ab-272455599717,,Pethidine 100mg Injection 2ml,,,,,,,,,,Misc,N/A,
adc5ca6d-bcff-4d9d-a3c8-32e5eed712d6,,Fluorouracil 250mg Injection,,,,,,,,,,Misc,N/A,
8814b04f-651e-4964-acec-acb7cd89f329,,Pantoprazole 40mg Tablets 28s,,,,,,,,,,Misc,N/A,
251b77fb-8e57-41df-82b0-7b91ddce0d4e,,Acyclovir 800mg Tablets 50s,,,,,,,,,,Misc,N/A,
46e06a84-3217-4ff0-8398-2149d870c3f0,,Erythromycin 125mg/5mls syrup,,,,,,,,,,Misc,N/A,
691932e8-ced8-449b-a914-c03c92a53742,,Prednisolone 1% eye Drops 5ml,,,,,,,,,,Misc,N/A,
2ef8af76-8a85-42ae-8db0-2444ae690be2,,Diclofenac 0.1% eye Drops 5ml,,,,,,,,,,Misc,N/A,
23821545-e1ce-44e4-9b6d-cefe65045c99,,Finasteride 5 mg Tablets 30s,,,,,,,,,,Misc,N/A,
a3297155-4fea-4a61-9d09-29c3bf073c02,,Erythromycin 250mg/5mls syrup 60mls,,,,,,,,,,Misc,N/A,
8fdf995c-defc-4538-a8f4-0334dbeb5b18,,Azithromycin 200mg/5mls syrup 15mls,,,,,,,,,,Misc,N/A,
a0033697-3a3b-497f-88d4-54cb4f7fb96c,,Timolol 0.25% eye Drops 5ml,,,,,,,,,,Misc,N/A,
338cb3b6-0742-4b41-aa93-4f80d017cab7,,Timolol 0.5% eye Drops 5ml,,,,,,,,,,Misc,N/A,
f56fbf63-fca6-4dfd-aa03-ffd8f2d115bc,,Tranexamic Acid 500mg Injection 5ml,,,,,,,,,,Misc,N/A,
fd777f2c-d8ed-465e-aa5e-faf48d37899b,,Metronidazole/diloxanide furoate 100mg/125mg/5ml syrup 60mls,,,,,,,,,,Misc,N/A,
5fc291b9-010a-4ff1-832b-e060503846e2,,Diclodenk 75mg/3ml Inj,,,,,,,,,,Misc,N/A,
05ca58b6-77da-4be9-b8fd-5f1f70db03a4,,Gentamycin/Dexamethasone eye Drops 5ml,,,,,,,,,,Misc,N/A,
d047b1cb-0dc3-4e9a-86c9-ffbc4e777b08,,Mesalazine 400mg Tablets 50s,,,,,,,,,,Misc,N/A,
6f0b89dc-597e-4422-945f-591d790354b1,,Ampiclo Neonatal drops 90mg/0.6mls 10mls,,,,,,,,,,Misc,N/A,
01a27acf-3462-4135-aec7-87f1acfc7914,,Cephalexin 125mg/5mls syrup 100mls,,,,,,,,,,Misc,N/A,
f7357f94-f5b7-4442-89f6-88a6d2cac713,,Miconazole cream 40g,,,,,,,,,,Misc,N/A,
c11f45f3-b6ad-40b8-97b0-968fe33780af,,Pilocarpine 2% eye Drops 10ml,,,,,,,,,,Misc,N/A,
42cd7166-9709-444e-ac1b-1f4e3e1ead1c,,Tranexamic Acid 250mg Injection 5ml,,,,,,,,,,Misc,N/A,
597fdc53-3846-4b8c-963f-6dc2fef58b24,,Silver sulphadiazine cream 15g,,,,,,,,,,Misc,N/A,
47f905c4-eca3-4334-a3d9-b2697963710b,,Normal saline nasal drops 10mls,,,,,,,,,,Misc,N/A,
19680aa7-b697-4ea9-a652-de909aa38ab9,,Phenylephrine eye Drops 15ml,,,,,,,,,,Misc,N/A,
f52d7d56-70c8-41e7-baf2-799cf3be8d0c,,Oxymetazoline 0.05% nasal drops 10mls,,,,,,,,,,Misc,N/A,
74801f7b-3d4f-46b7-9031-be9d8dc04385,,Cyclopentolate 1% eye Drops 5ml,,,,,,,,,,Misc,N/A,
ca94be3f-9f38-4c19-9d79-ec42eadd8705,,Cloxacillin 125mg/5mls syrup 100mls,,,,,,,,,,Misc,N/A,
35d687d8-c890-4313-bfaa-61806c5a0f29,,Paracetamol 150mg/ml injection,,,,,,,,,,Misc,N/A,
aa27459f-1675-4a19-a8ed-5531fe95bc1d,,Ethamsylate 250mg/2ml Injection,,,,,,,,,,Misc,N/A,
f7778bf5-d32b-4337-b50a-29b46fef4016,,Morphine 10mg/ml 1ml Injection,,,,,,,,,,Misc,N/A,
489bc521-0239-4969-adcf-0e5facd2c228,,Phenytoin 50mg/5ml Injection 5mls,,,,,,,,,,Misc,N/A,
c368d6d1-afff-43a1-9a50-64d3403a0b75,,Ceftriaxone 2g injection,,,,,,,,,,Misc,N/A,
2947c035-3d58-4c8c-9a2e-8d56e990e253,,Fentanyl 100mcg/2ml Injection 2ml,,,,,,,,,,Misc,N/A,
650d3a19-2d6d-458f-9d88-000e5149fa92,,Econazole 150mg pessaries 3s,,,,,,,,,,Misc,N/A,
5c6ee827-c126-4da2-93c3-de177685ee29,,Alfuzosin 10mg tablets 30s,,,,,,,,,,Misc,N/A,
78ddb04a-177b-4c7c-b899-812873fa9e09,,Amiodarone 150mg Injection 3mls,,,,,,,,,,Misc,N/A,
c5620c80-3e52-4add-b30e-f5b5e3bcdb30,,Domperidone 1mg/ml Syrup 30ml,,,,,,,,,,Misc,N/A,
215b340e-4d78-4f83-91cc-87702e477f13,,Clotrimazole/ beclomethasone dipropionate  cream 15g,,,,,,,,,,Misc,N/A,
a26aa6df-450a-4a36-aeb0-d1755654db6d,,AMINOPHYLLINE 250MG INJ.-PD,,,,,,,,,,Misc,N/A,
232b988f-c7f7-4dc9-b748-10dec1b43619,,Fentanyl 50mcg/ml Injection 10ml,,,,,,,,,,Misc,N/A,
376ebde3-5f02-41a9-8869-acee1772cffe,,Ceftazidimine 2g injection,,,,,,,,,,Misc,N/A,
9000228c-3eb3-476c-b8fe-28fffd2d7330,,Itraconazole 100mg Capsules 4s,,,,,,,,,,Misc,N/A,
f41bd8ca-600d-46d3-9772-d67fccafd938,,Cromoglycate 2% eye Drops 10ml,,,,,,,,,,Misc,N/A,
0e33d599-1b1f-410d-9ed4-a148f553da94,,Heparin 5000i.u Injection 1ml,,,,,,,,,,Misc,N/A,
6a0c30ca-8020-4ee2-9397-ad5e282a3ea8,,Clobetasol cream 15g,,,,,,,,,,Misc,N/A,
38a75b0a-422f-4669-ac97-666b9c817c3c,,Loratadine 5mg/5mls syrup 60mls,,,,,,,,,,Misc,N/A,
ad4c1513-7a59-4afc-8c45-adab6f1b3120,,"Thiopentone 500mg Injection ",,,,,,,,,,Misc,N/A,
9367749e-a970-43cf-8004-dbf6bcc17b45,,Levosalbutamol 50mcg/ inhalation,,,,,,,,,,Misc,N/A,
0bb0fd05-8ba4-475a-bfd4-88dc04014169,,Atropine 1% eye Drops 10ml,,,,,,,,,,Misc,N/A,
adcfb3bb-a03d-4512-aecf-55c7744dc2be,,Melphalan 2mg tablets 25s,,,,,,,,,,Misc,N/A,
39828ec2-4ace-4322-ba17-a9c1fa65c61c,,Cefotaxime 250mg injection,,,,,,,,,,Misc,N/A,
f5537d97-e5e0-4026-b1ff-6304ba0fdfce,,Cyclophosphamide 1g Injection,,,,,,,,,,Misc,N/A,
7a0e8bb8-5d6c-4d20-9b4a-38e29e6ba879,,DEXTROSE 50% VIAL 50MLS 1S,,,,,,,,,,Misc,N/A,
b8b2e114-3e31-478a-83e8-62cc3a06823e,,Ceftazidimine 250mg injection,,,,,,,,,,Misc,N/A,
b9035f8a-229d-4162-8d89-8c4963babf74,,Vincristine 2mg Injection,,,,,,,,,,Misc,N/A,
c6bfdf95-c75d-48c2-a31b-75c91897b5c6,,Lincomycin 600mg/2mls injection,,,,,,,,,,Misc,N/A,
5b03237d-7585-4f99-a171-4884754cde78,,Antacid suspension 300mls,,,,,,,,,,Misc,N/A,
642b144b-c7b3-4e1f-a2a9-7b346fa4f51f,,Aminosidine 125mg/5mls syrup 60mls,,,,,,,,,,Misc,N/A,
b8822112-cb2c-4151-b406-5dda23e8c8d5,,Econazole 50mg pessaries 5s,,,,,,,,,,Misc,N/A,
28840f01-30f5-4235-ab24-64be8d2dcf01,,Amoxicillin/ clavulanate 156mg/5mls syrup 100mls,,,,,,,,,,Misc,N/A,
7f7eefc1-9f67-419b-8bf7-4fb2a4352f2a,,Ketolac 0.5% eye Drops 5ml,,,,,,,,,,Misc,N/A,
8fc36640-7f41-42a5-9547-0f5312abc979,,Mannitol Solution 20% 500ml,,,,,,,,,,Misc,N/A,
f9d4be25-b294-4479-92a7-192fbdc0eacc,,Cefuroxime 500mg injection,,,,,,,,,,Misc,N/A,
14fb6aae-4ba7-419c-b967-1582a634fdd1,,Sodium hypochlorite 3% solution 5l,,,,,,,,,,Misc,N/A,
bf6c113e-3c13-4fd4-9809-569e4b88ac11,,Hydroxypropylmethylcellulose 2% eye Drops 10mls,,,,,,,,,,Misc,N/A,
060d8843-e7b2-4fe4-8af1-6bdfb2531ced,,Ciprofloxacin/Dexamethasone eye Drops 5ml,,,,,,,,,,Misc,N/A,
d6d3d083-a2a6-4651-b7b6-441767f730cb,,Clindamycin 150mg/ml injection 2mls,,,,,,,,,,Misc,N/A,
b14c167a-c88b-469c-a551-345b91bba86a,,"Magnesium, Drug",Magnesium,,,,,,,,,Misc,N/A,
48a23f5c-3005-45eb-aea7-52a2aad7feb8,,Spectinomycin 2g injection,,,,,,,,,,Misc,N/A,
56a2f882-e73a-4afd-bea9-9490de948ab3,,Cefotaxime 1g injection,,,,,,,,,,Misc,N/A,
f4d06eb3-5c9b-4cb4-ab4b-031242ecb5ad,,Dopamine 200mg/5ml Injection 5mls,,,,,,,,,,Misc,N/A,
614880ec-912d-465a-b421-e51a2c3e86c1,,KY Jelly 42 g,,,,,,,,,,Misc,N/A,
8c7a0bea-41c8-496e-a948-edfaa80817e1,,Hydrocortisone/Cinchocaine Ointment 15g,,,,,,,,,,Misc,N/A,
6ed9b5ce-f3ca-4fce-8933-5ec8734b273a,,Cefotaxime 500mg injection,,,,,,,,,,Misc,N/A,
6428c477-f67e-4299-b624-932866a45167,,URINE CALCIUM (24 HR),,,,,,,,,,Misc,N/A,
a8ba4c99-5136-4bbf-babf-df6ed8bc6dbb,,Sodium Chloride 3% injection 100ml,,,,,,,,,,Misc,N/A,
6d2c6bef-c7f1-4fa1-a9a2-8f03893669b3,,Sodium Chloride 0.45% injection 500ml,,,,,,,,,,Misc,N/A,
224e7f5d-f140-4416-9d46-c23b895477db,,Enoxaparin 20mg Injection,,,,,,,,,,Misc,N/A,
8b8b6b08-b7ca-4e6b-a6da-9ba0babcd1d6,,Amoxicillin / Clavulanate 228mg/5mls syrup 100mls,,,,,,,,,,Misc,N/A,
28445187-236f-41a5-9622-77b8848532ff,,Fluorouracil 500mg Injection,,,,,,,,,,Misc,N/A,
7e41f29a-7ee3-46a2-abe9-ad2e48335360,,Enoxaparin 40mg Injection,,,,,,,,,,Misc,N/A,
92b5f75c-caef-4e10-b45f-f90704387f8f,,Artificial eye drops 5mls,,,,,,,,,,Misc,N/A,
a5f33e65-66a7-4ea6-b0c4-3ff6feabbbd9,,Triamcinolone acetonide 40mg/5ml injection,,,,,,,,,,Misc,N/A,
b9f1345f-d408-48ac-8e77-ddb5085d2a6f,,Atomoxetine 10mg Tablets 28s,,,,,,,,,,Misc,N/A,
e96849a0-81c7-4017-ba96-4f05b48a93ac,,Hydroxocobalamin Injection 1ml,,,,,,,,,,Misc,N/A,
33599237-4555-47cd-aa3e-b45a8fe4c2c9,,Amikacin 500mg/2mls injection,,,,,,,,,,Misc,N/A,
46de20e7-f7c0-4c40-8860-477affe7f622,,Benzyol peroxide gel 10% 40g,,,,,,,,,,Misc,N/A,
4129ed2f-0b65-4273-a267-f092ffe77ec6,,Clarithromycin 125mg/5mls syrup 50mls,,,,,,,,,,Misc,N/A,
fce03b24-9672-428d-8112-237ad42d2e4b,,Moxifloxacin 5mg eye Drops 3ml,,,,,,,,,,Misc,N/A,
4c30c688-069a-4908-b519-c85475f82cac,,Cefuroxime 125mg/5mls syrup 50mls,,,,,,,,,,Misc,N/A,
37550436-301b-4e7d-a8ed-3e8971b0d12b,,Doxorubicin 50mg Injection,,,,,,,,,,Misc,N/A,
17364c5f-5487-4793-bfc0-d4e9d50082eb,,ZORCAN (FLUCONAZOLE) 200MG INJ 1`S (F),,,,,,,,,,Misc,N/A,
8a31cf23-f37a-4f49-8863-f6867cd7933f,,Amphotericin B 50mg Injection,,,,,,,,,,Misc,N/A,
91ea31f1-e943-47d3-aba6-ed5b77bcfa6b,,Methotrexate 50mg Injection,,,,,,,,,,Misc,N/A,
16f9c4d3-2923-4351-9d91-247493496ff2,,Salbutamol/ ipratropium 0.1mg/0.2mg/ inhalation 200doses,,,,,,,,,,Misc,N/A,
90639767-b8c5-44e0-891c-78d7d8f5e39c,,Vecuronium 4mg/ml Injection,,,,,,,,,,Misc,N/A,
c4738255-d41e-43f7-bfbe-b9a18e71cf27,,Mixtard 30 100i.u/ml 10ml,,,,,,,,,,Misc,N/A,
cda436fc-ec9e-407a-bc86-3500a3be39bc,,Acyclovir 3% eye Ointment 5g,,,,,,,,,,Misc,N/A,
6d07a1c9-80db-43ae-af37-2118bc750c8f,,Pantoprazole 40mg Injection,,,,,,,,,,Misc,N/A,
dacbaf31-de69-4318-af74-2d3480f95855,,Beclomethasone nasal spray,,,,,,,,,,Misc,N/A,
509e21e5-82cf-49f1-983b-ea85552b8d2a,,Beclomethasone dipropionate 50mcg/ inhalation,,,,,,,,,,Misc,N/A,
975c9c48-4464-4398-a95c-2f1f52009612,,Cisplatin 10mg Injection,,,,,,,,,,Misc,N/A,
914768fd-23af-4879-9b6b-f3e3ede3bb95,,Farm liniment  5l,,,,,,,,,,Misc,N/A,
60c904cc-9cf1-431d-8aa6-abd2512398f6,,Zinc oxide/Bismuth oxide Ointment 25g,,,,,,,,,,Misc,N/A,
4c558cee-6836-44e1-8e85-5082b88e9d03,,Fluphenazine 25mg/ml Injection 1ml,,,,,,,,,,Misc,N/A,
8ec82b3f-ef04-4e6d-9a75-8d1ab861d159,,Hydrogen peroxide liquid solution 5l,,,,,,,,,,Misc,N/A,
d674381e-713d-47ef-aa1c-45b172e089a9,,Vancomycin 500mg injection,,,,,,,,,,Misc,N/A,
bf4b95e2-1165-4bb1-84c1-8550818f36ca,,Labetalol 100mg/20ml Injection 20mls,,,,,,,,,,Misc,N/A,
7784630c-3b02-42c9-b1d7-85ee9d11bfb8,,Vincristine 1mg Injection,,,,,,,,,,Misc,N/A,
e51b3be0-efcb-4117-8d33-7a22acbc046a,,Methylated spirit 500mls,,,,,,,,,,Misc,N/A,
51f78a0b-a20a-45e1-b1ab-5bd8269e5c5e,,Budesonide 50mcg/ dose nasal spray,,,,,,,,,,Misc,N/A,
74d6e8f4-896a-4a3c-9586-c744198fb12b,,Fluticasone furoate nasal spray,,,,,,,,,,Misc,N/A,
34c972c1-d000-4443-8116-7a0711f027d3,,Leucovorin 50mg Injection,,,,,,,,,,Misc,N/A,
0e9f0727-52a1-48f2-aa5e-f6d1443a1fd0,,Flupenthixol Decanoate - 20Mg/Ml,,,,,,,,,,Misc,N/A,
c3459cd0-bda5-4881-a0cd-28dea2bdb83d,,Budesonide 100mcg/ inhalation 200 doses,,,,,,,,,,Misc,N/A,
a01dd2e1-8df7-462b-8ac0-6e62dfb48cf4,,Budesonide 100mcg formoterol 6mcg inhaler 120 doses,,,,,,,,,,Misc,N/A,
4a680ae7-9e2a-49c4-8145-e73d9296a6a2,,Folinic Acid 15mg Injection,,,,,,,,,,Misc,N/A,
ecb82fe5-7ff7-4625-a51b-99298fb54adf,,Anti rabies serum vaccine,,,,,,,,,,Misc,N/A,
dab9f556-4043-44e3-8eca-16bc5241cc98,,Salbutamol respirator solution 10mls,,,,,,,,,,Misc,N/A,
2aa8a429-04c4-4b08-803c-366bbaf0d523,,Cetrimide /Chlorhexidine/ solution 5litres,,,,,,,,,,Misc,N/A,
f22f3ce8-652a-442e-9354-ea44a9060c0b,,Olanzapine 10mg Injection,,,,,,,,,,Misc,N/A,
6d4e27f6-9877-4390-bc4b-0fba8569925b,,Glutaraldehyde liquid/ solution 1l,,,,,,,,,,Misc,N/A,
08d109fc-9519-4c08-9adc-d998c5a6c462,,Budesonide 200mcg/ inhalation 200 doses,,,,,,,,,,Misc,N/A,
976cb816-d9b8-412e-b240-67933dac41b6,,Meropenem  500mg injection,,,,,,,,,,Misc,N/A,
751ef44c-09e4-4518-a56e-f4ca0a580d55,,Dobutamine 250mg Infusion 20mls,,,,,,,,,,Misc,N/A,
b99e7d1e-71bf-428a-9ffc-d32497b6bf71,,Oxaliplatin 50mg Injection,,,,,,,,,,Misc,N/A,
1e2cd878-96be-4481-9213-6a4894248609,,Bleomycin 15mg Injection,,,,,,,,,,Misc,N/A,
4c359b30-ed35-42c7-b97e-7f75847219c9,,Granisetron 1mg Tablets 10s,,,,,,,,,,Misc,N/A,
0c9540db-0a25-44f3-bec7-2c1fd5a389bf,,Digoxin 0.5m/2ml Injection,,,,,,,,,,Misc,N/A,
2be45c44-b7bd-4276-b298-6c75afb74893,,Budesonide 64mcg/ dose nasal spray,,,,,,,,,,Misc,N/A,
84496762-5b9b-4f52-a796-2041c53f4b78,,Digoxin 50mcg/ml Syrup 60ml,,,,,,,,,,Misc,N/A,
03873799-823a-4444-866c-e62598e23365,,Budesonide 80mcg formoterol 4.5mcg inhaler 120 doses,,,,,,,,,,Misc,N/A,
69e50d6c-20e3-4134-9573-ff6b9630537a,,Aminosteril N-Hepa 8% 500ml,,,,,,,,,,Misc,N/A,
1230fa3a-f96c-40a1-8253-ba5cc1b5a168,,Docetaxel 20mg Injection,,,,,,,,,,Misc,N/A,
fa30bb53-339b-45f4-b571-f64355abb5da,,Clarithromycin 500mg injection,,,,,,,,,,Misc,N/A,
09c352ff-ae4d-4a87-b732-cd019fc2a27b,,Gemcitabine 200mg Injection,,,,,,,,,,Misc,N/A,
814f62c1-9dc8-4895-8ba1-0fa13321d593,,CARBOPLATIN 450MG INJECTION 1`S,,,,,,,,,,Misc,N/A,
fd876cc5-ee9b-4a81-ab2e-14d995d49526,,Zoledronic acid 4mg injection,,,,,,,,,,Misc,N/A,
360c7eb0-a2f3-4562-b36b-4fc79702926b,,Epirubicin 50mg Injection,,,,,,,,,,Misc,N/A,
e63f3890-73fa-4813-9f64-3db59c0dc403,,ANTI SNAKE SERUM VENOM 10ML PASTEUR  1`S,,,,,,,,,,Misc,N/A,
f929bc34-89d0-44eb-b74f-a95f41c24a0a,,Filgrastim 0.3mg/ml Injection,,,,,,,,,,Misc,N/A,
4c9ba037-42b3-41e9-a560-e5122d7256ec,,HUMAN ALBUMIN 5%100MLS,,,,,,,,,,Misc,N/A,