Uuid,Void/Retire,Name,Description,Concept Drug,Concept Dosage Form,ï¿½,_version:1,_order:51
7f980a2f-be17-4f79-b626-c44df0cc1345,,Cough expectorant 100mls,,Cough expectorant 100mls,,,,
da7e9174-140d-4c5a-ae4e-f2ea901cb482,,Paracetamol 100mg tablets 100s,,Paracetamol 100mg tablets 100s,,,,
e25d0a66-582f-44e0-95f3-76190c66501d,,Paclitaxel 300mg Injection,,Paclitaxel 300mg Injection,,,,
0a0457e2-28bc-45ff-b066-85cfbef636da,,Sodium Hypochlorite Solution(Tbcide) 5-5.6%W/V,,Sodium Hypochlorite Solution(Tbcide) 5-5.6%W/V,,,,
39629e40-6ad9-45b6-93a2-5710e25dc182,,Felodipine 10mg Tablets 28s,,Felodipine 10mg Tablets 28s,,,,
1cdd42ef-0680-4c3a-8520-2736457c2b01,,Voluven 6% Solution 500ml,,Voluven 6% Solution 500ml,,,,
bde3ff28-2d87-43f7-a4d8-b3eeb4fd748c,,Cefadroxil 500mg capsules 50s,,Cefadroxil 500mg capsules 50s,,,,
1e7e6bfa-e389-458c-9a2f-b31c82903ec1,,Stibogluconate sodium 100mg/ml injection 100mls,,Stibogluconate sodium 100mg/ml injection 100mls,,,,
86104608-08fa-4ffc-8513-04fb31985420,,Gabapentin 300mg Capsules 10s,,Gabapentin 300mg Capsules 10s,,,,
de7255a3-4bab-44cf-a2e1-19bc56838406,,"Vitamin A 200,000i.u Capsules 1000s",,"Vitamin A 200,000i.u Capsules 1000s",,,,
4153116d-cf05-497c-8f9b-4c300d34b738,,LACTULOSE SYRUP 200ML-OUTREACH,,LACTULOSE SYRUP 200ML-OUTREACH,,,,
3186ab9a-f7d0-4db1-ae9a-13b4226a7f2f,,Typhim 6 20 Dose,,Typhim 6 20 Dose,,,,
9ca91fc6-9cac-4e50-b2c6-4a94e2c54056,,Cytarabine 100mg/5ml Injection,,Cytarabine 100mg/5ml Injection,,,,
9edc7b12-e3e3-4c3b-8088-3b46d2ecac51,,Salbutamol beclomethasone dipropionate100mcg/50mcg/inhalation,,Salbutamol beclomethasone dipropionate100mcg/50mcg/inhalation,,,,
14c73d4f-ae00-49aa-8b1a-9e7f049b672d,,Vitamin K 2mg Injection,,Vitamin K 2mg Injection,,,,
5ee19e51-fdcb-42e4-9388-557612eccb8a,,Erythropoetin 5000 I.U Injection ?(Recormorn),,Erythropoetin 5000 I.U Injection ?(Recormorn),,,,
c9907f08-a6bf-47b4-b4d3-c447eeddeb9b,,Ferrous Sulp/Folic 200Mg/400Mcg Acid Tab,,Ferrous Sulp/Folic 200Mg/400Mcg Acid Tab,,,,
c398cf62-eaa2-441b-beb4-41f0d0403f75,,Lisinopril/Hydrochlorthiazide 10mg/12.5mg Tablets 28s,,Lisinopril/Hydrochlorthiazide 10mg/12.5mg Tablets 28s,,,,
d15001fe-221c-4929-b483-d3a0e5101657,,"PANCURONIUUM BROMIDE INJECTION 2MG/ML,2ML AMP",,"PANCURONIUUM BROMIDE INJECTION 2MG/ML,2ML AMP",,,,
f3cb7562-64f0-4308-8109-7d5cdb2a2c8a,,Lisinopril 10mg Tablets 28s,,Lisinopril 10mg Tablets 28s,,,,
e3a04768-a4e7-4f51-b172-32a83854f3a2,,Phenobarbitone 200mg/ml injection 1ml,,Phenobarbitone 200mg/ml injection 1ml,,,,
13cf099d-e343-427e-b090-1b7386926a6c,,Amoxicillin / Clavulanate 321mg/5mls syrup 60mls,,Amoxicillin / Clavulanate 321mg/5mls syrup 60mls,,,,
3b5e0bd8-372e-41b9-9a87-5ee19a90ec6d,,Methyl prednisolone 500mg injection,,Methyl prednisolone 500mg injection,,,,
b33e724a-42f0-49f0-a916-1a48a11f3847,,Carbamazepine 200mg Tablets 100s,,Carbamazepine 200mg Tablets 100s,,,,
e9edfd8b-0b77-422f-b661-de048a043f61,,Aluminium hydroxide/Magnesium Trisilicate Syrup 180mls,,Aluminium hydroxide/Magnesium Trisilicate Syrup 180mls,,,,
0c6945af-e8f7-42be-b481-26ab69aeb719,,Neomycin/Dexamethasone eye Drops 5ml,,Neomycin/Dexamethasone eye Drops 5ml,,,,
35b6cca4-aa4a-457a-a176-1bd107317c0e,,Tamoxifen 20mg Tablets 30s,,Tamoxifen 20mg Tablets 30s,,,,
808fe0c7-3557-465c-b1b4-3616e7edcafa,,Carbamazepine 200mg Tablets,,Carbamazepine 200mg Tablets,,,,
0586712d-5b87-4c43-ad72-611fd8c3258f,,Isoflurane 250ml,,Isoflurane 250ml,,,,
b8777eb3-423f-41cd-a3fa-38d2477ec049,,Docetaxel 80mg Injection,,Docetaxel 80mg Injection,,,,
0ba0e6fc-e0eb-485c-9b30-9d433ff7864e,,Metronidazole/diloxanide furoate 400mg/500mg tablets 15s,,Metronidazole/diloxanide furoate 400mg/500mg tablets 15s,,,,
e046895f-10b2-4961-b02d-79f8dad2d5e7,,Cetrizine 5mg/5mls syrup 60mls,,Cetrizine 5mg/5mls syrup 60mls,,,,
d935a756-d421-4d19-a64f-54741c0909d4,,Pregabalin 150mg Capsules 14s,,Pregabalin 150mg Capsules 14s,,,,
f1c1446f-6b15-49b1-be0e-3ba410c9fab1,,Folic Acid 5mg Tablets,,Folic Acid 5mg Tablets,,,,
b77e1cb4-1a16-42aa-addd-f73914ae03ff,,Cyclophosphamide 500mg Injection,,Cyclophosphamide 500mg Injection,,,,
0666bb33-da08-4ccf-ad2f-6e17ec4adbe8,,SHANCHOL VACCINE (CHOLERA),,SHANCHOL VACCINE (CHOLERA),,,,
314be817-80d5-4f5b-aa5e-d56727e077d6,,Vitamin K 10mg Injection,,Vitamin K 10mg Injection,,,,
f60e8bcd-56b8-4355-a9f0-d0ebe99e1c59,,Propofol 10mg/ml Injection 20ml,,Propofol 10mg/ml Injection 20ml,,,,
6c3d7c87-9042-4898-9ef2-589353c09e97,,Transpore (leukofix) 2.5cm 5m,,Transpore (leukofix) 2.5cm 5m,,,,
a6e9a4e3-1b1f-4b51-962e-3e64dc0fa01b,,Hyoscine N-butylbromide 20mg Injection,,Hyoscine N-butylbromide 20mg Injection,,,,
8e7bab55-9728-4947-a5f9-fb979d0119e2,,Omeprazole 40mg Capsules 14s,,Omeprazole 40mg Capsules 14s,,,,
83138c83-affb-4d8c-a6c2-6d0d947a0b81,,"Paclitaxel Injection, concentrate solution for injection (6mg/ml),5ml(30mg)",,"Paclitaxel Injection, concentrate solution for injection (6mg/ml),5ml(30mg)",,,,
ec951fc4-761c-4dcd-9287-c2326749fde2,,Halothane 100ml,,Halothane 100ml,,,,
86ce58b8-99b4-4f9e-8c24-08c8346a3690,,Glucophage 1g Tablets 60s,,Glucophage 1g Tablets 60s,,,,
abdfa592-58a4-4ee9-b175-3934e424cce7,,Normal saline 0.9% solution 500ml,,Normal saline 0.9% solution 500ml,,,,
9b09f1b0-d55f-41c7-9b32-c14c1a4ad337,,Sodium Chloride/Normal Saline Solution - 0.9% EURO CAP Bottle,,Sodium Chloride/Normal Saline Solution - 0.9% EURO CAP Bottle,,,,
f9dc1e7e-7277-434c-bdc5-303cf23c25a7,,Metformin Tablets 500Mg (100s in Blisters),,Metformin Tablets 500Mg (100s in Blisters),,,,
e11dd5ce-3cd8-4289-bd49-6cd56ea32d6d,,Dexamethasone/neomycin/polymixin eye/ear 5mls,,Dexamethasone/neomycin/polymixin eye/ear 5mls,,,,
6ec54e20-a4c3-4c68-8635-b65f29c627f3,,Dextrose 5% solution 1000ml,,Dextrose 5% solution 1000ml,,,,
6b2d10fe-e6b1-4e8d-8f19-d9a15c348015,,Co-Pack Of 4 Satchets Of Low Osmolarity Ors (500Ml Formulation) + 10 Tablets Of Dispersible Zinc Sulphate Tablets 20Mg,,Co-Pack Of 4 Satchets Of Low Osmolarity Ors (500Ml Formulation) + 10 Tablets Of Dispersible Zinc Sulphate Tablets 20Mg,,,,
12ab8827-d352-4f15-8e5f-424d97dc0af8,,Oxaliplatin 100mg Injection,,Oxaliplatin 100mg Injection,,,,
b77a9515-e871-46c3-8c3b-ad2f1c2a233b,,Paclitaxel 100mg Injection,,Paclitaxel 100mg Injection,,,,
6615c4d5-1fe9-4244-8cce-cddff6e4028a,,Dexamethasone 4mg/ml injection 2mls,,Dexamethasone 4mg/ml injection 2mls,,,,
aba49353-9dca-4364-886c-dc35b8257c2d,,Betamethasone ointment 15g,,Betamethasone ointment 15g,,,,
e8012046-805e-4269-895a-333901954916,,"BUPIVACAINE HEAVY SPINAL INJECTION 5MG/ML, 4ML AMP",,"BUPIVACAINE HEAVY SPINAL INJECTION 5MG/ML, 4ML AMP",,,,
27e11ecd-7bcb-4903-9cc7-88ba22086ff7,,Epanutin 50mg/ml Injection 5mls,,Epanutin 50mg/ml Injection 5mls,,,,
3a9acee6-47fd-42c1-85cd-b64ec1284eed,,Letrozole 2.5mg Tablets 25s,,Letrozole 2.5mg Tablets 25s,,,,
5d646142-0d62-4be2-85a1-74eedc68ae55,,Isopropyl alcohol 5l,,Isopropyl alcohol 5l,,,,
8455cc10-93be-4309-bd82-ab6845bde2cc,,Mometasone Ointment 15g,,Mometasone Ointment 15g,,,,
ac996d51-0e9d-4ba9-ae81-eac1da31f2c1,,Glucophage XR 500mg Tablets 90s,,Glucophage XR 500mg Tablets 90s,,,,
11205bb4-38ae-43c5-87cd-3627e3f64305,,Lansoprazole/Amoxicillin/Clarithromycin 30mg/1g/500mg Tablets 7s,,Lansoprazole/Amoxicillin/Clarithromycin 30mg/1g/500mg Tablets 7s,,,,
0b2052cd-6b3f-4ad2-9207-b6f3e9578b0f,,Levothyroxine 100mcg Tablets 28s,,Levothyroxine 100mcg Tablets 28s,,,,
c9e29e9b-b4a5-4531-8f63-f2bc1d1e9712,,Ampicillin/ cloxacillin 500mg capsules,,Ampicillin/ cloxacillin 500mg capsules,,,,
fe489bfc-e420-48bb-9673-37150b144cc2,,Chlorhexidine Gel 4% (As Digluconate 7.1%) - 10Gm Tube,,Chlorhexidine Gel 4% (As Digluconate 7.1%) - 10Gm Tube,,,,
326e82fe-111e-4c6d-93cb-3111a802070f,,Omeprazole Capsules 20Mg (Pack of 30s),,Omeprazole Capsules 20Mg (Pack of 30s),,,,
1cc9b2e0-912a-44e4-a9bc-d851da4060f9,,Lignocaine Hydrochloride Inj. 1%,,Lignocaine Hydrochloride Inj. 1%,,,,
e7eff41e-6977-4f14-8156-5f5ce88a3dbe,,BUPIVACANE 0.5% INJ 10ML VIAL,,BUPIVACANE 0.5% INJ 10ML VIAL,,,,
d098a540-f868-4481-a8f0-50d0329f97c6,,Povidone iodine solution 100mls,,Povidone iodine solution 100mls,,,,
63e1f463-5f13-4d38-8668-6d53ab3bc347,,ULCIP INJECTION (CIPROFLOXACIN) I.V 200MG-PD,,ULCIP INJECTION (CIPROFLOXACIN) I.V 200MG-PD,,,,
a9587ca1-854a-4ffd-a60e-8acd618b2025,,Calcium + VIT. D Tablets 400MCG/200I.U,,Calcium + VIT. D Tablets 400MCG/200I.U,,,,
0d89d57c-8616-4c7c-95a6-210faf6d16c5,,Zuclopenthixol 50mg/ml Injection,,Zuclopenthixol 50mg/ml Injection,,,,
a5b456f2-3bab-4bce-b467-a99004894652,,Aceclofenac/Paracetamol/Chlorzoxazone Tablets 20s,,Aceclofenac/Paracetamol/Chlorzoxazone Tablets 20s,,,,
afb5170f-033e-4eb6-be69-c45db70ab1ab,,Acetylsalicylic Acid 75mg Tablets 30s,,Acetylsalicylic Acid 75mg Tablets 30s,,,,
0bdc2dc1-4428-484f-9244-59c2b5befc53,,Probeta-N eye Drops 7.5ml,,Probeta-N eye Drops 7.5ml,,,,
c4087b07-bead-46de-9ebe-bdbddd181d9c,,Chlorhexidine mouthwash 300mls,,Chlorhexidine mouthwash 300mls,,,,
1761be45-454d-4139-a0b9-8ab110785a2d,,Oxytocin 10 I.U injection 10s,,Oxytocin 10 I.U injection 10s,,,,
53a7641e-6a56-43cc-b5d2-dcca4d06afb1,,Venofer 100mg/5mls Injection 5ml,,Venofer 100mg/5mls Injection 5ml,,,,
5559db94-93d7-41eb-819a-ae7bb42d1983,,Benzathine Benzylpenicillin 1.2Miu Vials,,Benzathine Benzylpenicillin 1.2Miu Vials,,,,
9d297e61-9865-4d72-b934-2eb3f047d00e,,BORTENAT 3.5 MG INJ (BORTEZOMIB),,BORTENAT 3.5 MG INJ (BORTEZOMIB),,,,
d949ffe9-b883-4953-9bc6-8d1313048d39,,Cotrimoxazole 240mg/5mls syrup 50mls,,Cotrimoxazole 240mg/5mls syrup 50mls,,,,
70c51f06-3644-4eeb-bc53-12ce19c4aba2,,Tramadol  100mg/2ml Injection,,Tramadol  100mg/2ml Injection,,,,
0e856ccc-de64-4f3d-b371-c79d2b606af2,,Clarithromycin 500mg tablet 4s,,Clarithromycin 500mg tablet 4s,,,,
44a0d441-d39c-4854-ad7a-e54dafe2508b,,"Erythropoietin 2,000i.u Injection",,"Erythropoietin 2,000i.u Injection",,,,
bdafe029-ec38-4aa1-ba5c-dd79fe96f9eb,,Soluble Insulin 100i.u/ml 10mls,,Soluble Insulin 100i.u/ml 10mls,,,,
42a10b7a-b9d9-4b54-b057-e4717bc4e57c,,Gentamycin 0.3% Eye Drops 10ml,,Gentamycin 0.3% Eye Drops 10ml,,,,
943180c1-1547-4042-9c30-4b3b35cfee3c,,Cefuroxime 500mg tablets 10s,,Cefuroxime 500mg tablets 10s,,,,
04a45977-480c-4aa8-9d85-d21642998196,,Rituximab 500mg Injection,,Rituximab 500mg Injection,,,,
b7f88616-ae61-4c25-b569-78fdc1c2387c,,Amoxicillin / Clavulanate 1g tablets 10s,,Amoxicillin / Clavulanate 1g tablets 10s,,,,
ba5b56f2-366b-4631-bdfe-8a0cd747c55c,,Clotrimazole Vaginal Pessaries 500Mg,,Clotrimazole Vaginal Pessaries 500Mg,,,,
b6ede4d1-8f16-4559-ab91-c726c0c54f5a,,Salbutamol/ ipratropium UDV0.5mg/3.01mg,,Salbutamol/ ipratropium UDV0.5mg/3.01mg,,,,
479d822d-3c67-44b0-b738-8e69158eac43,,Dexamethasone 0.1% eye Drops 5ml,,Dexamethasone 0.1% eye Drops 5ml,,,,
0e2af43e-3dcb-461d-8fcb-b3316eca514a,,Hydrochlorothiazide 25mg Tablets 1000s,,Hydrochlorothiazide 25mg Tablets 1000s,,,,
dc899387-a16c-4d1b-a2ef-b5939f0513fa,,Prednisolone 5mg tablets 30s,,Prednisolone 5mg tablets 30s,,,,
030f46dc-3cd0-4e80-8db0-3a961fff5146,,Metformine Tablets - 500Mg (Tin of 1000s),,Metformine Tablets - 500Mg (Tin of 1000s),,,,
0fec0e9f-c4f4-4e5b-8bb8-367c581bdaa2,,Rituximab 100mg Injection,,Rituximab 100mg Injection,,,,
e1e5a5c9-5fa9-45dd-8ab9-2af6a8ed1ec9,,Zuclopenthixol depot 200mg/ml Injection,,Zuclopenthixol depot 200mg/ml Injection,,,,
e20bfdbc-fc67-453f-9a28-2be935e7bb1d,,Silver sulphadiazine cream 25g,,Silver sulphadiazine cream 25g,,,,
7d6fc260-4f4a-4e26-8424-67ba32aab8f3,,Praziquantel 600mg Tablets,,Praziquantel 600mg Tablets,,,,
bfd88964-8812-4e3c-8a00-d34f2462bdc3,,Ceftazidimine 1g injection,,Ceftazidimine 1g injection,,,,
35e8bf00-0628-48f6-94e8-1f44f2a481d1,,Salbutamol 100mcg/inhalation,,Salbutamol 100mcg/inhalation,,,,
6c05ce96-6ad0-4101-972e-5428f9d22768,,Metronidazole 200mg/5mls syrup 100mls,,Metronidazole 200mg/5mls syrup 100mls,,,,
a85ce4cd-96f0-439d-9567-1d9e76a778f0,,HERCEPTIN INJ 440MG (TRASTUZUMAB),,HERCEPTIN INJ 440MG (TRASTUZUMAB),,,,
89a03209-c45a-474c-984d-86fe00284c0f,,Acetylsalicylic Acid 300mg Tablets 1000s,,Acetylsalicylic Acid 300mg Tablets 1000s,,,,
9957f9c3-65dc-4434-a29a-26bb65d41070,,Omeprazole Capsules - 20Mg (Tin of 1000s),,Omeprazole Capsules - 20Mg (Tin of 1000s),,,,
dbd47e17-0ee9-4217-883b-8b3381591196,,Lisinopril 5mg Tablets 28s,,Lisinopril 5mg Tablets 28s,,,,
c7df7eb9-61ce-40d5-8d19-cec479bbcba1,,Omeprazole 40mg Injection,,Omeprazole 40mg Injection,,,,
8422259e-4367-42af-8a57-28bc779ec8dd,,Capecitabine 500mg Tablets 120s,,Capecitabine 500mg Tablets 120s,,,,
e5bc3f55-e62a-4abe-9980-b4458106f330,,Felodipine 5mg Tablets 28s,,Felodipine 5mg Tablets 28s,,,,
39d9d391-24d1-4ad6-b945-0a10bd03616b,,Ampicillin/ cloxacillin neonatal drops 90mg/0.6mls 10mls,,Ampicillin/ cloxacillin neonatal drops 90mg/0.6mls 10mls,,,,
362b939c-9296-4fa3-bd21-bc7b7fc23c69,,Betamethasone/dexchlorpheniramine 0.25mg/2mg tablets 30s,,Betamethasone/dexchlorpheniramine 0.25mg/2mg tablets 30s,,,,
301b04d0-f242-40fe-95e5-e274cb9cba5b,,"Paracetamol Solution For Intravenous Infusion 10Mg/Ml, 100Ml .",,"Paracetamol Solution For Intravenous Infusion 10Mg/Ml, 100Ml .",,,,
536da14a-76a9-4bca-a467-9690f9655621,,Tetanus Toxoid Injection 1500IU,,Tetanus Toxoid Injection 1500IU,,,,
f06a8d5c-a31c-40aa-b96e-6cc7bcb77ab9,,ROOT 2 CANAL(3RD VISIT),,ROOT 2 CANAL(3RD VISIT),,,,
b0540df7-5c8c-418e-b32a-18d7766c2c4a,,Artemether/Lumefantrine 20/120mg Tablets 12s,,Artemether/Lumefantrine 20/120mg Tablets 12s,,,,
caf22737-8796-4855-bb06-15831b2643e8,,"Vitamin A 200,000i.u Capsules 100s",,"Vitamin A 200,000i.u Capsules 100s",,,,
64e59fee-7d28-4cd3-b89c-5b0b522e30a9,,Artemether/Lumefantrine 20/120mg Tablets 6s,,Artemether/Lumefantrine 20/120mg Tablets 6s,,,,
7b94c132-1151-4664-98ce-f83246240863,,Sputum For Afb (Z N Stain),,Sputum For Afb (Z N Stain),,,,
64bd680b-bb01-484e-9477-8464c0ed8bba,,Hyoscine N-butylbromide 10mg Tablets 1000s,,Hyoscine N-butylbromide 10mg Tablets 1000s,,,,
6c898291-5174-4095-af6d-cabbdc5574d4,,Metformin 1g Tablets 60s,,Metformin 1g Tablets 60s,,,,
bbbb69ca-c170-4326-8273-8e11d84d35e7,,Sulphadoxine/Pyrimethamine 25/250mg Tablets 3s,,Sulphadoxine/Pyrimethamine 25/250mg Tablets 3s,,,,
aebe8b60-ea76-48e8-887e-e9f6895e10b4,,Acyclovir cream 10g,,Acyclovir cream 10g,,,,
1a727eb9-3308-434b-bb40-e435d5c57770,,Artemether/Lumefantrine 20/120mg Tablets 24s,,Artemether/Lumefantrine 20/120mg Tablets 24s,,,,
12c710e3-a70b-41b2-bffd-e8fdc2e30bc2,,"Vitamin A 100,000i.u Capsules 1000s",,"Vitamin A 100,000i.u Capsules 1000s",,,,
6dbdc010-0a09-4151-b861-9cfc49cfae87,,B 2-MICROGLOBULIN,,B 2-MICROGLOBULIN,,,,
55936567-34e7-484f-b235-4a75b8362d06,,Medroxyprogesterone acetate injection,,Medroxyprogesterone acetate injection,,,,
997f9b2a-3b9e-4d5a-8fab-e83fe55a7b9e,,Vitamin D injection,,Vitamin D injection,,,,
bc7af24a-cf5e-4d75-93de-3fd5153ddadf,,Artemether/Lumefantrine 20/120mg Tablets 18s,,Artemether/Lumefantrine 20/120mg Tablets 18s,,,,
de11ba90-85fd-473c-acbf-f2f99cc882f5,,Ciprofloxacin Injection I.V. 2mg/ml (lactate) in 50ml vials Vial,,Ciprofloxacin Injection I.V. 2mg/ml (lactate) in 50ml vials Vial,,,,
c02a7f00-6bcd-45b5-a0c9-ebc49ef2aea4,,Artesunate 60mg Injection,,Artesunate 60mg Injection,,,,
5bdb40f4-743b-47da-ad8a-79e9256da69a,,Spironolactone 100mg Tablets 28s,,Spironolactone 100mg Tablets 28s,,,,
f847b38e-5619-4199-92da-794224849284,,Levonorgestrel 0.75mg tablets,,Levonorgestrel 0.75mg tablets,,,,
c464e53e-cdad-47a4-88c9-6952eb92d79c,,Ranitidine 300mg Tablets 100s,,Ranitidine 300mg Tablets 100s,,,,
35b33424-9b67-4dd5-9f68-7849cdc9bd59,,Naloxone Hydrochloride 0.4mg Injection,,Naloxone Hydrochloride 0.4mg Injection,,,,
b0cb6693-51c9-41b8-b9c9-0598f750b169,,Vitamin B1 no.1&2 Injection 5ml,,Vitamin B1 no.1&2 Injection 5ml,,,,
37e66f22-d727-49d5-bf63-797a1f2d9c80,,Neomycin/Betamethasone eye Drops 7.5ml,,Neomycin/Betamethasone eye Drops 7.5ml,,,,
a0372bc0-4a2b-44c9-8252-726a8e01e298,,Benzoic/Salic Acid Ointment 6%3% 20gm,,Benzoic/Salic Acid Ointment 6%3% 20gm,,,,
e5d11bb5-fee3-4b4a-bee4-d41be565bb59,,Carboplatin 150mg Injection,,Carboplatin 150mg Injection,,,,
02e0bb45-4e77-4133-b88f-c9d1b186e537,,Bromocriptine 2.5mg tablets 30s,,Bromocriptine 2.5mg tablets 30s,,,,
181f1427-7af3-45ec-b3f8-c1bab4a72b95,,ACYCLOVIR CREAM 5 % 20g,,ACYCLOVIR CREAM 5 % 20g,,,,
65862416-ee12-412e-9660-5de430bfcb1f,,Azathioprine 50mg Tablets 100s,,Azathioprine 50mg Tablets 100s,,,,
f88f7cf5-4f9d-45ef-a864-aec5c31fa8f9,,PROPRANOLOL TABLETS 40MG,,PROPRANOLOL TABLETS 40MG,,,,
f5fc83a8-f59b-4517-a6eb-4247454b5a75,,Metronidazole/diloxanide/simethicone 200mg/250mg/25mg tablets 100s,,Metronidazole/diloxanide/simethicone 200mg/250mg/25mg tablets 100s,,,,
2bf1e6f9-38ef-4e4b-b320-bb41c4c2ab36,,Morphine Injection (Sulphate or Hcl) 15mg/ml in 1ml ampoules Amp,,Morphine Injection (Sulphate or Hcl) 15mg/ml in 1ml ampoules Amp,,,,
87ee6ced-b3cf-4fcd-ab30-12ad56f9f95c,,Gabapentin 100mg Capsules 10s,,Gabapentin 100mg Capsules 10s,,,,
946f4cd0-b3f6-45df-81ea-9839da6408cd,,Sulphadoxine/Pyrimethamine 12.5mg/250mg/5ml Syrup 10ml,,Sulphadoxine/Pyrimethamine 12.5mg/250mg/5ml Syrup 10ml,,,,
0164d29a-267b-4b8c-9e72-2c88e2a9825d,,Quinine 300mg Tablets,,Quinine 300mg Tablets,,,,
9f6799a1-7178-423f-b991-579c8d6e6c2a,,Sildenafil 25mg tablets 4s,,Sildenafil 25mg tablets 4s,,,,
89d63f4f-957b-4836-adf9-e248f47366ef,,Budesonide 200mcg formoterol 6mcg inhaler 120 doses,,Budesonide 200mcg formoterol 6mcg inhaler 120 doses,,,,
1908780d-6106-4ea7-8ba1-251f5587051d,,Salmeterol xinafoate/ fluticasone 25mcg/125mcg/ inhalation,,Salmeterol xinafoate/ fluticasone 25mcg/125mcg/ inhalation,,,,
2868c0c9-2d04-4d00-b67f-004b15593f40,,TROPICAMIDE/PHENYLEPHRINE EYE DROPS,,TROPICAMIDE/PHENYLEPHRINE EYE DROPS,,,,
9e3cd602-2c69-4372-a501-09641f96a86c,,Carbamazepine 100mg Tablets 50s,,Carbamazepine 100mg Tablets 50s,,,,
08d1a609-b8bd-4bd2-8b03-4f9be492a6a3,,Surgical spirit 100mls,,Surgical spirit 100mls,,,,
0673f44c-68e3-45c1-8ca6-7231044b52f8,,DPT/HepB/HiB Vaccine(Pentavalent Vaccine),,DPT/HepB/HiB Vaccine(Pentavalent Vaccine),,,,
46413365-2c26-4a92-a0db-9a413c86d577,,Pneumacoccal vaccine,,Pneumacoccal vaccine,,,,
93bfa9a0-bde6-4f29-9629-7f654a1f1c9d,,Inactivated Polio Vaccine (IPV),,Inactivated Polio Vaccine (IPV),,,,
21db4364-9b69-40d5-89df-fead307a2b62,,ROTARIX ORAL VACCINE (FOR ROTAVIRUS) 1`S,,ROTARIX ORAL VACCINE (FOR ROTAVIRUS) 1`S,,,,
45a6b8b8-10cd-489c-81a1-71e4672aec5b,,Oral Polio Vaccine,,Oral Polio Vaccine,,,,
0f1bf02d-1979-42d5-b4c9-bd5315e02c91,,M.M.R Vaccine,,M.M.R Vaccine,,,,
02dc0c88-9fe8-4c6b-bdc4-fb52958cb9d0,,BCG VACCINE VIAL 20 DOSES,,BCG VACCINE VIAL 20 DOSES,,,,
54a61a15-af7c-42f7-bcb3-ca50e29d6c38,,Measles vaccine,,Measles vaccine,,,,
0e9511d2-3620-4223-9bcc-52e6a1bee9a6,,Depo Progestin 150mg/vial injection,,Depo Progestin 150mg/vial injection,,,,
1724d3c6-c108-4a18-9708-203743aa6aa4,,Oestrogen /medroxyprogesterone 5mg tablets,,Oestrogen /medroxyprogesterone 5mg tablets,,,,
73f6ba67-8873-47ab-868f-6bd916810487,,Depo-Provera 150mg/vial injection,,Depo-Provera 150mg/vial injection,,,,
edd9c9bc-a17a-4af5-bb35-b6f295a33710,,Depo -medrol 40mg/ml injection 1ml,,Depo -medrol 40mg/ml injection 1ml,,,,
ced9868d-067f-4247-a7a3-feba79a8b8b5,,Depo -medrol 80mg/ml injection 2mls,,Depo -medrol 80mg/ml injection 2mls,,,,
cbe6e542-94bf-4935-ba84-3ccec5a08c43,,Oestrogen /medroxyprogesterone 2.5mg tablets,,Oestrogen /medroxyprogesterone 2.5mg tablets,,,,
cdc390b8-211d-4464-98e7-aab535a048f9,,POSTINOR 0.75MG TABS 2`S(LEVNORGESTREL),,POSTINOR 0.75MG TABS 2`S(LEVNORGESTREL),,,,
466477c4-4a22-4c4f-9f97-7ab599ece6e7,,Microlut tablets 35s,,Microlut tablets 35s,,,,
e1f7f1bf-53e4-40e2-8f2e-f59515309d74,,Microgynon 30 tablets,,Microgynon 30 tablets,,,,
7c54b009-c4e9-45b0-aefe-1682ead15302,,Chlorpheniramine 4mg tablet 1000s,,Chlorpheniramine 4mg tablet 1000s,,,,
3c2af70d-4763-46ef-a63e-4b4230e5aa2f,,Diazepam Tablets 2mg Tab.,,Diazepam Tablets 2mg Tab.,,,,
bb66b41c-620a-46c7-ab92-5e5245c53508,,Salbutamol 2mg tablet 1000s,,Salbutamol 2mg tablet 1000s,,,,
08d7267d-9a17-42d9-ab63-938b055c1966,,Amoxicillin 500mg capsules 100s,,Amoxicillin 500mg capsules 100s,,,,
07790e1f-b087-41db-8088-911659f3438e,,Phenytoin 50mg Capsules 1000s,,Phenytoin 50mg Capsules 1000s,,,,
c314c69d-8cc3-41ff-9af8-043921431202,,Metronidazole 200mg tablets,,Metronidazole 200mg tablets,,,,
ec49932a-5b2d-4cf1-972e-a47454cd1bae,,Hydrochlorothiazide 50mg Tablets 100s,,Hydrochlorothiazide 50mg Tablets 100s,,,,
874a9bae-99cf-4e7d-a4fa-ce78ccd15119,,Diclofenac sodium 50mg Tablets,,Diclofenac sodium 50mg Tablets,,,,
a1a826c9-0b02-421d-bf37-d23bed01f5ff,,Multivitamin  Tablets,,Multivitamin  Tablets,,,,
0c40da15-878b-452f-ab7e-4abc161b81c2,,Atenolol 50mg Tablets 28s,,Atenolol 50mg Tablets 28s,,,,
52720783-9df5-41e7-b4fc-c2e0cd6b8976,,Indomethacin 25mg Capsules 1000s,,Indomethacin 25mg Capsules 1000s,,,,
8accdafc-b832-41e5-adea-ba92beeab34e,,Phenytoin 100mg Capsules,,Phenytoin 100mg Capsules,,,,
0bb28f0b-07c4-4afa-88fb-b769c15a0632,,Bisacodyl 5mg Tablets 100s,,Bisacodyl 5mg Tablets 100s,,,,
a7d1a69b-cbf4-4c56-9242-b348057fae27,,Flagyl 200mg tablets 250s,,Flagyl 200mg tablets 250s,,,,
3fa5da80-027a-4512-b158-80b0d93c1325,,Mebendazole 100mg Tablets,,Mebendazole 100mg Tablets,,,,
32868b7a-ecc0-41e2-892f-4bc57ecac6f9,,Ferrous Sulphate 200mg Tablets 1000s,,Ferrous Sulphate 200mg Tablets 1000s,,,,
906a1b1d-2ac0-4435-be12-7bfb0d3118c2,,Prednisolone 5mg tablets,,Prednisolone 5mg tablets,,,,
f3c84b9b-783e-4857-ae5b-f74c3a7b0a0c,,Benzhexol 5mg Tablets 100s,,Benzhexol 5mg Tablets 100s,,,,
ed963cf3-e70f-4a73-877c-3e3fafbc2286,,Paracetamol 500mg Tablets,,Paracetamol 500mg Tablets,,,,
a5064da8-4062-4fe8-8a2e-3875c6fd2957,,Clotrimazole 100mg pessaries 6s,,Clotrimazole 100mg pessaries 6s,,,,
f79c8798-5552-429e-b634-f61a9fb4f7aa,,Enalapril 5mg Tablets 28s,,Enalapril 5mg Tablets 28s,,,,
ca74d5e0-69c7-48e6-9093-76cf4fe55575,,Frusemide 40mg Tablets,,Frusemide 40mg Tablets,,,,
3fcd15c2-71bc-4f11-a127-abfd4f78142c,,Metoclopramide 10mg Tablets,,Metoclopramide 10mg Tablets,,,,
91c5ecde-8ac2-429c-95e7-dc1d926b368f,,Dexamethasone 0.5mg tablets 1000s,,Dexamethasone 0.5mg tablets 1000s,,,,
b35f0271-7a54-46fa-ad70-d74acc2c168e,,Diclofenac sodium 100mg Tablets 100s,,Diclofenac sodium 100mg Tablets 100s,,,,
39e37840-fbda-4b49-a505-3e693b4d74b3,,Phenobarbitone 30mg Tablets 100s,,Phenobarbitone 30mg Tablets 100s,,,,
a6bbcbd4-7dce-41f6-b68a-d83516ed433b,,Metronidazole 400mg tablets 500s,,Metronidazole 400mg tablets 500s,,,,
a88ea6a1-7a38-4426-8e35-27706ab039f4,,Loperamide 2mg Capsules,,Loperamide 2mg Capsules,,,,
9e89b4fd-1344-4250-9ca4-797a5b4ddea0,,Nifedipine 20mg Tablets 100s,,Nifedipine 20mg Tablets 100s,,,,
90fc8575-8244-4f61-af55-f4bf5bf759df,,Diazepam 5mg Tablets,,Diazepam 5mg Tablets,,,,
93c13035-2ca3-4bad-a462-4a65e6b9f8ee,,Metformin Tablets 500Mg (Pack of 30s),,Metformin Tablets 500Mg (Pack of 30s),,,,
31dcbd1d-f2dc-41c5-aa96-b3723a18c44f,,Mefenamic Acid 250mg Capsules 100s,,Mefenamic Acid 250mg Capsules 100s,,,,
e3ccbf4a-996c-4431-9c93-e7d6e32f825e,,Glibenclamide 5mg Tablets,,Glibenclamide 5mg Tablets,,,,
66921548-a6ce-4dce-b278-2770532c5e5e,,Zinc Sulphate 20mg Tablets 100s,,Zinc Sulphate 20mg Tablets 100s,,,,
f1ba8d10-6851-492a-b1cb-b90378e49f90,,Omeprazole Tablet 20mg,,Omeprazole Tablet 20mg,,,,
8c84afdc-80ce-48d3-81c1-9dc8f4122cfa,,Zinc oxide ointment 100g,,Zinc oxide ointment 100g,,,,
2750d13b-4a86-4987-8366-48004980de2c,,Chlorpromazine 25mg Tablets,,Chlorpromazine 25mg Tablets,,,,
1db35d0d-a86b-4fa9-8a45-0b98b6d741dc,,Ibuprofen 200mg Tablets,,Ibuprofen 200mg Tablets,,,,
1d3f9375-176b-4a32-a3a4-78dd95fd70f2,,Cotrimoxazole 480mg tablet,,Cotrimoxazole 480mg tablet,,,,
e2106496-3bbe-495d-9d13-84fef34b5bd3,,Ketamine 50mg/ml Injection 10ml,,Ketamine 50mg/ml Injection 10ml,,,,
944f327a-5803-4fc4-a5a9-a0f83494b488,,Gentamicin 20mg/2mls injection,,Gentamicin 20mg/2mls injection,,,,
4f7664e9-3693-4909-92f1-d44453cae011,,Flucloxacillin  500mg injection,,Flucloxacillin  500mg injection,,,,
f743363f-d130-4428-8ee3-2b625629b8d8,,Amitriptyline 25mg Tablets,,Amitriptyline 25mg Tablets,,,,
b22501a6-98f3-4656-8080-9876aa688083,,Dextrose 10% solution 500ml,,Dextrose 10% solution 500ml,,,,
9402054e-45e2-4ecf-869d-43f573e55ebf,,Frusemide 20mg/ml Injection 2mls,,Frusemide 20mg/ml Injection 2mls,,,,
15345ceb-51bf-4f1a-a3b6-f3ee43a22319,,Suxamethonium 50mg/ml Injection,,Suxamethonium 50mg/ml Injection,,,,
728e6e90-c5ab-4758-b264-7970d8d653b8,,Oxytocin 10 I.U injection,,Oxytocin 10 I.U injection,,,,
a4cbd650-4905-4aa3-92f1-428775bf5644,,Metoclopramide 10mg/2ml Injection,,Metoclopramide 10mg/2ml Injection,,,,
097455d2-feda-419c-b0b9-f664f36846e3,,Neostigmine 2.5mg/ml Injection 1ml,,Neostigmine 2.5mg/ml Injection 1ml,,,,
248b17d4-304e-44a4-a72d-40172e16571a,,Adrenaline 1mg/ml injection ,,Adrenaline 1mg/ml injection ,,,,
c6d91015-4760-48f1-8c55-1a300c9ec412,,Fluconazole 50mg/5ml Syrup 35ml,,Fluconazole 50mg/5ml Syrup 35ml,,,,
1f8a5755-c195-48b0-9031-38f48f301c26,,Bupivacaine and dextrose injection 4mls,,Bupivacaine and dextrose injection 4mls,,,,
3ccbf690-b384-4eb8-b33e-68ad8a9b591a,,Atracurium 10mg/ml Injection 5ml,,Atracurium 10mg/ml Injection 5ml,,,,
ea019e04-575d-4819-9152-53823ca4ad35,,Benzyl penicillin 5m.u  injection,,Benzyl penicillin 5m.u  injection,,,,
8222cbad-87d9-4f26-be18-6f6157131e63,,Lignocaine 2% Injection 30ml,,Lignocaine 2% Injection 30ml,,,,
affcd7ee-5a0a-4d04-be23-5123fa794975,,Gentamicin 80mg/2mls injection,,Gentamicin 80mg/2mls injection,,,,
6a59a6b9-7017-4220-b407-1a5cc0b434af,,Sodium bicarbonate Injection 10mls,,Sodium bicarbonate Injection 10mls,,,,
f16c8b70-b5ff-4456-8584-28886984f202,,Midazolam 5mg/5ml Injection 5mls,,Midazolam 5mg/5ml Injection 5mls,,,,
248a8363-206c-4e1a-ac4c-0bed1337c7e6,,"Haematinic Syrup Iron+ Vitamin B12+Folic Acid, 200ml bottle",,"Haematinic Syrup Iron+ Vitamin B12+Folic Acid, 200ml bottle",,,,
b3ee4504-c021-49a1-8538-837eb39c0fb1,,Hydralazine 200mg injection  10mls,,Hydralazine 200mg injection  10mls,,,,
07ab6679-2b87-4af3-9632-a5e8da28c12e,,Water for Injection 10ml,,Water for Injection 10ml,,,,
681707d0-9caf-41cf-9e3e-e771f1e62c8f,,Atropine Sulphate 1mg/ml  injection,,Atropine Sulphate 1mg/ml  injection,,,,
3ed8723c-88a2-437b-bd85-bb352208f3c2,,Flucloxacillin 125mg/5mls syrup 100mls,,Flucloxacillin 125mg/5mls syrup 100mls,,,,
9460a8e3-fea2-4b46-b3de-4dd31d185573,,Magnesium sulphate 50% injection* 10mls,,Magnesium sulphate 50% injection* 10mls,,,,
25ea5901-7be0-4d6e-94b1-44d818c1e342,,Dextrose 5% solution 500ml,,Dextrose 5% solution 500ml,,,,
0ee4b8f8-dc81-421c-be6d-62709841f781,,Activated Charcoal Tablets 1000s,,Activated Charcoal Tablets 1000s,,,,
41a18e31-f5f0-4947-9539-d6602907bb8e,,Metronidazole 200mg/5mls syrup 60mls,,Metronidazole 200mg/5mls syrup 60mls,,,,
35df5b99-8f97-4872-890a-18e91cfb8d46,,Pancuronium 4mg/ml Injection,,Pancuronium 4mg/ml Injection,,,,
f41a012a-fd67-47f7-9048-397d129560c9,,Magnesium trisilicate tablets (Magnocid tablets),,Magnesium trisilicate tablets (Magnocid tablets),,,,
6a71fe28-50d2-40b9-b2ed-d409b04196e5,,Benzathine Penicillin 2.4 mu injection,,Benzathine Penicillin 2.4 mu injection,,,,
675850b1-d264-4f43-8bf7-493d7fe4a244,,Benzyl penicillin  1m.u  injection,,Benzyl penicillin  1m.u  injection,,,,
8378fa53-9116-4514-bf04-3aa4ebeb9d2f,,CIPROFLOXACIN 250MG/5ML SUSPENSION,,CIPROFLOXACIN 250MG/5ML SUSPENSION,,,,
877f74b4-c040-4f93-956a-cc5e19a3f7c2,,Neostigmine 0.5mg/ml Injection 1ml,,Neostigmine 0.5mg/ml Injection 1ml,,,,
ce360888-58c1-47b9-be34-8752543bab44,,Oxytocin 5 I.U injection ,,Oxytocin 5 I.U injection ,,,,
903c6d23-4d9a-4406-8f33-0d00bc410c27,,Tetracaine 0.5% eye Drops 15ml,,Tetracaine 0.5% eye Drops 15ml,,,,
ecd55f92-76e0-4ee0-b675-071a9fc794b1,,"Heparin Sodium Injection 25,000 units/ml in Ampoule Amp.",,"Heparin Sodium Injection 25,000 units/ml in Ampoule Amp.",,,,
787c9eef-1c40-489c-a08b-634a29387e97,,Pyridoxine 50mg Tablets 100s,,Pyridoxine 50mg Tablets 100s,,,,
98220964-3c0d-4656-a523-ce9f65f50482,,Vitamin B6 50mg Tablets 100s,,Vitamin B6 50mg Tablets 100s,,,,
0dd4e767-74c5-4c45-bd21-9d8d5b5f280c,,Salbutamol 4mg tablet,,Salbutamol 4mg tablet,,,,
dbd859cd-e4d4-410f-b92e-ebc5bd87f8dc,,Marcaine spinal 0.5% 4ml injection,,Marcaine spinal 0.5% 4ml injection,,,,
36abc87f-f29d-4e7f-9149-5981d4f372d1,,Bupivacaine 4ml injection,,Bupivacaine 4ml injection,,,,
d7af1be1-4d6d-440d-8dad-f01716fb6283,,PHENOBARBITONE 120MG INJ,,PHENOBARBITONE 120MG INJ,,,,
4227e46e-feba-46d9-b49a-51c9da8b774f,,Atenolol 25mg Tablets,,Atenolol 25mg Tablets,,,,
a4ac0c8d-b3dd-444c-b85a-6a19d21a52e2,,Enalapril 10mg Tablets 28s,,Enalapril 10mg Tablets 28s,,,,
2c039174-9efd-47ad-9cff-9f27a0f58a8a,,Folic Acid 5mg Tablets 1000s,,Folic Acid 5mg Tablets 1000s,,,,
1a55c35d-8890-4166-8666-ccd06bac020f,,Meloxicam 7.5mg Tablets,,Meloxicam 7.5mg Tablets,,,,
8010313e-a66d-4fe3-80a4-d8c9fe7dd6e4,,Cotrimoxazole 960mg tablet 100s,,Cotrimoxazole 960mg tablet 100s,,,,
04e38c8f-f108-4284-812c-3fbdb9890351,,Phenytoin 100mg Tablets 1000s,,Phenytoin 100mg Tablets 1000s,,,,
603b3ca6-ec17-4e39-a08f-d650a2e8b2a3,,Tinidazole 500mg tablets,,Tinidazole 500mg tablets,,,,
41cd97d5-ee5a-4c2a-a15f-fde1f57a833d,,Chlorpromazine 100mg Tablets 100s,,Chlorpromazine 100mg Tablets 100s,,,,
bad3ee8a-de76-48c0-bf21-590ec0cbd45b,,Diclofen SR 100mg Tablets 100s,,Diclofen SR 100mg Tablets 100s,,,,
e9e4a7eb-e7f1-420b-880d-89112210a2a0,,Amlodipine 5mg Tablets,,Amlodipine 5mg Tablets,,,,
7b173323-650a-4e6e-a12a-a2baf2ccfe4e,,Amoxicillin 250mg capsules,,Amoxicillin 250mg capsules,,,,
679d5da1-ecd2-4d73-9c9a-8305e36c9ff8,,Nitrofurantoin Tablet,,Nitrofurantoin Tablet,,,,
c081a0ca-acdf-4cf0-a4b3-9a1e54cfa273,,Flagyl 400mg tablets 100s,,Flagyl 400mg tablets 100s,,,,
98312457-6839-453a-b419-bc160b08ed0f,,Amoxicillin 250mg tablets 100s,,Amoxicillin 250mg tablets 100s,,,,
00ac2294-716d-4306-8b36-9a083cf7b746,,Metformin Tablet 850mg,,Metformin Tablet 850mg,,,,
bb41c42e-b1be-46b4-beaf-eaf2a9d0dbb7,,Cetrizine 10mg tablets,,Cetrizine 10mg tablets,,,,
056fb2e6-678f-42c0-93cd-110d5cebb754,,Amlodipine 10mg Tablets 30s,,Amlodipine 10mg Tablets 30s,,,,
0b7947c0-6ddf-46ab-9ab0-f540a932d0cc,,Dapsone 100mg Tablets 100s,,Dapsone 100mg Tablets 100s,,,,
ea012a39-7e97-4743-b017-b7003e3f2835,,Cledomox 228mg tablets 10s,,Cledomox 228mg tablets 10s,,,,
0c06840f-d3eb-45c7-aafc-de437f83a2b7,,Doxycycline 100mg capsules 50s,,Doxycycline 100mg capsules 50s,,,,
99a12652-1f40-4b2b-bb00-d6bd16cb2713,,Ciprofloxacin 250mg tablets 10s,,Ciprofloxacin 250mg tablets 10s,,,,
b81aa94d-e42f-4912-a792-b65cc00f2a35,,Haloperidol 5mg Tablets,,Haloperidol 5mg Tablets,,,,
a0413501-eee1-4c10-8e03-b91af3a2925f,,Losartan/Hydrochlorthiazide 50mg/12.5mg Tablets 30s,,Losartan/Hydrochlorthiazide 50mg/12.5mg Tablets 30s,,,,
9daa2be4-7bbc-4728-b84d-8d0ce2ec1e0e,,Atorvastatin 10mg Tablets 28s,,Atorvastatin 10mg Tablets 28s,,,,
32d71c07-aa52-4ff9-92c8-2e1d219867b0,,Dexamethasone 2mg tablets 1000s,,Dexamethasone 2mg tablets 1000s,,,,
19c6c8ba-16e4-4e27-8756-79c0c7b94835,,Ranitidine 150mg Tablets,,Ranitidine 150mg Tablets,,,,
93f1185d-9341-4366-ada2-a3f4c777f8cd,,Griseofulvin 125mg Tablets 100s,,Griseofulvin 125mg Tablets 100s,,,,
36dc7788-6bd5-4429-a416-938e665b8bea,,Carbimazole 5mg Tablets 100s,,Carbimazole 5mg Tablets 100s,,,,
e85ebf20-967d-4648-b183-dd754f524c90,,Carvedilol 6.25mg Tablets 28s,,Carvedilol 6.25mg Tablets 28s,,,,
4d0351a9-e6e9-4f2a-81f8-161becafee70,,Esomeprazole 20mg Tablets 30s,,Esomeprazole 20mg Tablets 30s,,,,
7f91bca9-0d62-4343-98a3-2c65030803f3,,Finemox CV 1000mg tablets 10s,,Finemox CV 1000mg tablets 10s,,,,
59f7f9c4-b384-488c-a631-fc9653410229,,Fluconazole 200mg Capsules 10s,,Fluconazole 200mg Capsules 10s,,,,
f0c763ff-3f31-4894-8649-759d2c3d38ce,,Ketoconazole 200mg Tablets 10s,,Ketoconazole 200mg Tablets 10s,,,,
410c7a6c-b206-4c39-9170-cf88e1c7477f,,Tramadol 50mg Capsules,,Tramadol 50mg Capsules,,,,
432c932c-c0a1-452c-839e-c9fb7877e9d6,,Atorvastatin 20mg Tablets 28s,,Atorvastatin 20mg Tablets 28s,,,,
26f8c493-6dc1-41ee-96af-9cd27adf9dab,,Metronidazole/diloxanide furoate 200mg/250mg tablets 30s,,Metronidazole/diloxanide furoate 200mg/250mg tablets 30s,,,,
fbc9e1aa-eeb8-4701-bef2-b6e33de5675c,,Albendazole 400mg Tablets 1s,,Albendazole 400mg Tablets 1s,,,,
7bb5b919-6e33-482b-bdc0-88b30b2e8654,,Cloxacillin 250mg capsules 100s,,Cloxacillin 250mg capsules 100s,,,,
cc991ca0-da3f-49e2-b8fe-ba0c2a86c99a,,Ciprofloxacin 500mg tablets,,Ciprofloxacin 500mg tablets,,,,
bd80ff9b-ce56-48f9-bd74-97a88ad29b99,,Methyldopa 250mg Tablets,,Methyldopa 250mg Tablets,,,,
cf232291-b0ea-4e0d-849c-c788c578c7fa,,"Vitamin A 50,000i.u Capsules 1000s",,"Vitamin A 50,000i.u Capsules 1000s",,,,
bc2f5588-5644-49ae-9c69-a7c1135f8947,,Gliclazide 80mg tablets 30s,,Gliclazide 80mg tablets 30s,,,,
43d2cd39-73ec-407f-b5ef-3c19adde0f30,,Erythromycin 250mg tablets,,Erythromycin 250mg tablets,,,,
52559452-08be-438a-a3ad-39a43698ce74,,Spironolactone 25mg Tablets,,Spironolactone 25mg Tablets,,,,
906da6f1-8f70-447e-a055-bed623630ef4,,Flucloxacillin 250mg capsules 28s,,Flucloxacillin 250mg capsules 28s,,,,
d8501eba-2889-4e7b-ac30-5c24864fc615,,Sodium valproate 200mg Tablets 100s,,Sodium valproate 200mg Tablets 100s,,,,
d3638442-998a-4276-adf8-49b0c2e18842,,Loratadine 10mg tablets,,Loratadine 10mg tablets,,,,
47f537a2-15df-42ef-ba9c-5a873d38d196,,DIGOXIN 250MCG TABLETS,,DIGOXIN 250MCG TABLETS,,,,
91a4fc7e-1446-4923-a411-0d56a147b1de,,Norfloxacin 400mg tablets 100s,,Norfloxacin 400mg tablets 100s,,,,
522f2c03-ac96-4477-a481-c3a3a7da1d27,,Carvedilol 12.5mg Tablets 28s,,Carvedilol 12.5mg Tablets 28s,,,,
8ae1c729-d145-4fc5-89cc-c28a154a27b1,,Microfine plus pen Needles G30 100s,,Microfine plus pen Needles G30 100s,,,,
171b38eb-d6e5-4482-ab5c-93080cd2546c,,Hydralazine 25mg Tablets 56s,,Hydralazine 25mg Tablets 56s,,,,
de5f2303-5385-41ec-8250-29118e0111da,,Rifampicin 300mg Capsules 100s ,,Rifampicin 300mg Capsules 100s ,,,,
4121d3e5-f026-4da5-bddb-08bb114e00c8,,Chlorpheniramine 10mg/ml injection,,Chlorpheniramine 10mg/ml injection,,,,
7cd7c7c3-13e0-4077-8ae6-076998b34817,,CHLOPROMAZINE  50MG TABS,,CHLOPROMAZINE  50MG TABS,,,,
f9ff9841-6b5f-4eef-b370-e5da6abe58bf,,Domperidone 10mg Tablets 100s,,Domperidone 10mg Tablets 100s,,,,
6215b186-3df8-4518-8dce-e5442fbf2614,,Tamoxifen 10mg Tablets 30s,,Tamoxifen 10mg Tablets 30s,,,,
ae7735e3-a105-40db-a435-b382b3f9bd44,,Vitamin B Complex Tablets,,Vitamin B Complex Tablets,,,,
cddb2115-f5f6-41e4-9046-d49a0663a223,,Flucloxacillin  500mg capsule 100s,,Flucloxacillin  500mg capsule 100s,,,,
7d630f91-65c9-4af0-8a57-0c49b22baf45,,Nalidixic acid 500mgtablets 100s,,Nalidixic acid 500mgtablets 100s,,,,
83fcc913-f4ab-4756-b1df-36b85aad76bd,,Warfarin 1mg Tablets 28s,,Warfarin 1mg Tablets 28s,,,,
34838eee-713d-4302-a5be-da95279fcc51,,Diclofenac sodium 75mg/3ml Injection,,Diclofenac sodium 75mg/3ml Injection,,,,
ff75f3d6-b721-411e-99cd-791d0ae7ee22,,Griseofulvin 250mg Tablets 100s,,Griseofulvin 250mg Tablets 100s,,,,
edfdf176-8c7f-4d44-bbc8-e22f4608108b,,Verapamil 40mg Tablets 84s,,Verapamil 40mg Tablets 84s,,,,
97fd5e51-a1a1-4b5b-8aff-3a6a0684e8b8,,Albendazole 200mg Tablets 1s,,Albendazole 200mg Tablets 1s,,,,
d95c3209-7e17-4089-9855-2581e86a525b,,Griseofulvin 500mg Tablets,,Griseofulvin 500mg Tablets,,,,
c026cd8c-f15c-455f-81d8-a110faa5a08b,,Methyldopa 500mg Tablets 500s,,Methyldopa 500mg Tablets 500s,,,,
da2b47de-c301-46c3-9d49-2eb0907ff87a,,Acyclovir 400mg Tablets,,Acyclovir 400mg Tablets,,,,
e800e894-4249-4285-bb25-8c7fe80fd900,,Hyoscine N-butylbromide 10mg Tablets,,Hyoscine N-butylbromide 10mg Tablets,,,,
45b8ae8a-f3f2-48c9-b095-6e6832f173a0,,Carvedilol 3.125mg Tablets 28s,,Carvedilol 3.125mg Tablets 28s,,,,
033449bb-bcb7-4a48-83d9-41cca8adf485,,Cefadroxil DT 500mg tablets 60s,,Cefadroxil DT 500mg tablets 60s,,,,
cccf4f46-c84e-4675-957d-6ffd28b63212,,Warfarin 5mg Tablets 28s,,Warfarin 5mg Tablets 28s,,,,
4d9d15c5-cebf-4b91-8115-a6fe0957dbbf,,Dihydrocodein 30mg Tablets 100s,,Dihydrocodein 30mg Tablets 100s,,,,
1a185304-9630-4328-add1-64b1b456dc61,,ORS Satchets 50s,,ORS Satchets 50s,,,,
fd22773d-541c-44ec-b56d-50c16e729fb7,,Clindamycin 150mg capsules 100s,,Clindamycin 150mg capsules 100s,,,,
4f6564e8-49b8-48fe-bccd-b88a236c7132,,Erythromycin 500mg tablets 100s,,Erythromycin 500mg tablets 100s,,,,
7c91f72a-6d71-45ca-87c5-11d7773ffaab,,Venlafaxine 75mg Capsules 28s,,Venlafaxine 75mg Capsules 28s,,,,
3beaea4f-e12b-4639-a100-75cd7e8da8ba,,Oxybutynin 5mg tablets 100s,,Oxybutynin 5mg tablets 100s,,,,
6eb16e8a-6bd4-4b3f-ae2d-836190bda863,,Thyroxine 25mcg Tablets 28s,,Thyroxine 25mcg Tablets 28s,,,,
5f3e5532-f6ea-4952-b6b2-08898bdb260c,,Imipramine 25mg Tablets 28s,,Imipramine 25mg Tablets 28s,,,,
94e23910-a0ad-4a73-8030-44da4e358c3b,,Levofloxacin 500mg tablets 10s,,Levofloxacin 500mg tablets 10s,,,,
2d4ccad3-44f1-4534-8ee6-b42b2f9cb931,,Betamethasone 4mg/ml injection,,Betamethasone 4mg/ml injection,,,,
1743b5aa-fd6c-4a89-87d8-028e7babf47e,,Ondansetron 4mg Tablets 10s,,Ondansetron 4mg Tablets 10s,,,,
634a13cb-b215-466e-8852-8e8c2b90cc50,,Glyceryl trinitrate 0.5mg Tablets,,Glyceryl trinitrate 0.5mg Tablets,,,,
49fe66e2-be5f-4c59-81f0-4ae2ab143ff1,,Paracetamol 125mg suppository,,Paracetamol 125mg suppository,,,,
d1e83b71-919e-4419-b510-6cfef0753d3e,,Paracetamol 250mg suppository,,Paracetamol 250mg suppository,,,,
1b7a4b47-910f-4603-b27d-1e4398f7748d,,Tramadol  50mg/ml Injection,,Tramadol  50mg/ml Injection,,,,
9fad75d8-fc49-4801-a619-121bc397a23f,,Olanzapine 5mg Tablets 30s,,Olanzapine 5mg Tablets 30s,,,,
4838cbd6-48da-4b9e-92d1-75edb54ee058,,Clomiphene 50mg  tablets 30s,,Clomiphene 50mg  tablets 30s,,,,
9fae5382-8831-48fd-b015-ab75213b1ddc,,Ergometrine 0.5mg injection ,,Ergometrine 0.5mg injection ,,,,
43734e3c-4a21-486d-b030-5d93f2b3215a,,Tramadol 100mg Capsules 30s,,Tramadol 100mg Capsules 30s,,,,
a5f1cc45-dd34-46e6-b343-33cfc9948af3,,Econazole 2% eye Drops 5ml,,Econazole 2% eye Drops 5ml,,,,
e855a442-871d-40b1-8777-de4b63441d37,,Thyroxine 50mcg Tablets,,Thyroxine 50mcg Tablets,,,,
092f0244-9ff3-4368-a0c5-f87b8d3449da,,Thyroxine 100mcg Tablets 28s,,Thyroxine 100mcg Tablets 28s,,,,
5df159ef-e678-4a4d-a7e5-3c04576cd817,,Cefadroxil DT 250mg tablets 100s,,Cefadroxil DT 250mg tablets 100s,,,,
8bdabf21-4288-452e-aef3-0019aedd1e6f,,Codein phosphate 30mg Tablets,,Codein phosphate 30mg Tablets,,,,
e7f3d75f-aadd-4af8-877d-c445a9af1254,,Glipizide 5mg Tablets 30s,,Glipizide 5mg Tablets 30s,,,,
59aa4161-265c-4533-bbba-c3b3b56b4d5d,,Losartan 50mg Tablets 28s,,Losartan 50mg Tablets 28s,,,,
80449b60-231c-4da3-83ae-b7ffbfcf07ec,,Montelukast 5mg tablet 28s,,Montelukast 5mg tablet 28s,,,,
53262d45-2c4f-4041-9d04-084345974c58,,Clonazepam 0.5mg Tablets 50s,,Clonazepam 0.5mg Tablets 50s,,,,
977aa6bf-c5ad-4a3a-80c2-7ec3102ff3c7,,Bromazepam 1.5mg Tablets 30s,,Bromazepam 1.5mg Tablets 30s,,,,
87f4a7ab-5dff-4a56-84ef-a061ea43e64a,,Chlorpromazine 25mg/ml Injection 2mls,,Chlorpromazine 25mg/ml Injection 2mls,,,,
3860b9d0-b86f-40ed-a2a4-2b23d49ddc61,,Pralidoxime 200mg injection,,Pralidoxime 200mg injection,,,,
2c159354-8cb1-45c0-a0b5-abb2b6f62902,,Streptomcin 1g Injection,,Streptomcin 1g Injection,,,,
3deb4426-f186-4d89-8678-066f901284f2,,Spironolactone 50mg Tablets 28s,,Spironolactone 50mg Tablets 28s,,,,
620db12e-8b98-41ba-848c-96b315f52dbf,,Medroxyprogesterone 5mg tablets 30s,,Medroxyprogesterone 5mg tablets 30s,,,,
eb476b34-cede-494f-97b0-d8987ae142de,,Norethisterone 5mg tablets 100s,,Norethisterone 5mg tablets 100s,,,,
32152faf-e859-4044-8176-db31c17a7269,,Clopidogrel 75mg Tablets 28s,,Clopidogrel 75mg Tablets 28s,,,,
ee2ce658-28ed-4e94-809b-d5b0a5146f92,,Digoxin 0.0625mg Tablets 28s,,Digoxin 0.0625mg Tablets 28s,,,,
a99c7c9e-252f-4fb4-811c-f1ed4067c061,,Carvedilol 25mg Tablets 28s,,Carvedilol 25mg Tablets 28s,,,,
00c7e8b4-cfb3-4833-93fc-b15001d28eee,,Etofylline/theophylline injection,,Etofylline/theophylline injection,,,,
2b7c35a3-1f7e-40fd-b86b-4f665388757b,,Diclofenac sodium 50mg Suppository 10s,,Diclofenac sodium 50mg Suppository 10s,,,,
62306b58-c99b-4c8b-b204-91569c2c9fd4,,Bromazepam 3mg Tablets 30s,,Bromazepam 3mg Tablets 30s,,,,
7be2224f-8020-4d45-ba90-15c98219eb45,,Pioglitazone 15mg Tablets 30s,,Pioglitazone 15mg Tablets 30s,,,,
3b7fa6ac-9d75-47d7-abc9-8abe41ab1f45,,Lincomycin 500mg capsules 100s,,Lincomycin 500mg capsules 100s,,,,
0766d3ab-3c91-40dd-9cf3-26e9eb9dd898,,Paracetamol/codeine/caffeine/doxylamine 450mg/10mg/5mg/50mg Tablets 18s,,Paracetamol/codeine/caffeine/doxylamine 450mg/10mg/5mg/50mg Tablets 18s,,,,
8b6af79e-7f97-4e4a-bd08-907941e0d9c2,,Calter plus tablets 30s,,Calter plus tablets 30s,,,,
6f93fa35-305b-42d8-bfec-f0e294d6b348,,Cloxacillin 500mg injection,,Cloxacillin 500mg injection,,,,
0e39257c-a3d4-45ce-9ef0-24c3c1636eb1,,Diclofenac sodium 100mg Suppository 10s,,Diclofenac sodium 100mg Suppository 10s,,,,
261efae6-989a-4704-a38d-07e72433924b,,Glimepiride 1mg Tablets 20s,,Glimepiride 1mg Tablets 20s,,,,
62ffe21e-0cc8-4fad-a7f1-9c45e15fcb22,,Clotrimazol cream 20g,,Clotrimazol cream 20g,,,,
4fff25b4-afe3-4126-83a2-1692b753e8d4,,Cotrimoxazole 240mg/5mls syrup,,Cotrimoxazole 240mg/5mls syrup,,,,
f677a649-7dd9-4c13-9235-c4542bd6ce34,,Ranitidine 50mg/2ml Injection,,Ranitidine 50mg/2ml Injection,,,,
5bce7080-11b8-4b60-aab9-711d9180af27,,Tranexamic Acid 500mg Capsules 20s,,Tranexamic Acid 500mg Capsules 20s,,,,
d0c98290-df23-42c9-9519-bc42c15106e4,,Clindamycin 300mg capsules 100s,,Clindamycin 300mg capsules 100s,,,,
ee928d04-dc92-4c5e-a466-e0fbb0909393,,Chloramphenicol 0.5% eye drops 10ml,,Chloramphenicol 0.5% eye drops 10ml,,,,
d8b6b29d-9f42-4b69-b82d-c023e913315f,,Tetracycline 1% eye Ointment 3.5g,,Tetracycline 1% eye Ointment 3.5g,,,,
9df12ea4-bc99-4799-be31-3d848915097b,,Lansoprazole 15mg DT Tablets 10s,,Lansoprazole 15mg DT Tablets 10s,,,,
3c7abde1-00fc-484a-a552-117d43fb3943,,Chlorpheniramine 2mg/5mls syrup 60mls,,Chlorpheniramine 2mg/5mls syrup 60mls,,,,
0626fe7e-df4b-4243-acf3-6643b2bf2643,,Sertaline 50mg Tablets 28s,,Sertaline 50mg Tablets 28s,,,,
4bdd766f-361e-448b-bc7c-eff198a71838,,Tranexamic Acid 250mg Capsules 20s,,Tranexamic Acid 250mg Capsules 20s,,,,
f27ddfa3-e28b-496d-afd3-4fa2e829198a,,Vitamin B12 injection,,Vitamin B12 injection,,,,
1a2e6ca2-eba5-400b-ad73-03431613bc74,,Amoxicillin / Clavulanate 625mg tablets 20s,,Amoxicillin / Clavulanate 625mg tablets 20s,,,,
70714a67-0426-4c36-84b5-1d11976be039,,Tobradex 0.1%/0.3% eye Drops 5ml,,Tobradex 0.1%/0.3% eye Drops 5ml,,,,
5ead7abd-57e1-4db0-96f0-ac4c7fac13ea,,Fresubin original 500ml,,Fresubin original 500ml,,,,
1eba5401-1f82-4b4a-82ea-d37f22336c17,,Betamethasone cream 15g,,Betamethasone cream 15g,,,,
67463acd-ab46-4243-95c2-2d0cf51d4e0e,,Aminosidine 250mg tablets 1000s,,Aminosidine 250mg tablets 1000s,,,,
6cb5c1dc-8a9d-4ccf-b97a-edf5ddb822da,,Amoxicillin / Clavulanate 375mg tablets 20s,,Amoxicillin / Clavulanate 375mg tablets 20s,,,,
90a00437-e7ee-4306-8e44-addf36e3dba4,,Diclofenac sodium/paracetamol/chlorzoxazone Tablets 10s,,Diclofenac sodium/paracetamol/chlorzoxazone Tablets 10s,,,,
970aa336-653a-4575-ba57-3279b4075eae,,Aceclofenac 100mg Tablets 30s,,Aceclofenac 100mg Tablets 30s,,,,
27856016-0a99-486c-aab7-aefc88c47058,,Ibuprofen 100mg/5ml Syrup 60ml ,,Ibuprofen 100mg/5ml Syrup 60ml ,,,,
6b7eb5c5-5a6f-4946-84b4-c10a64159831,,Tetracycline 1% eye Ointment 5g,,Tetracycline 1% eye Ointment 5g,,,,
23065d38-f17d-4a8f-8f9b-1c23a1dc03d6,,Glucosamine/Chondroitin 500/400mg Tablets 30s,,Glucosamine/Chondroitin 500/400mg Tablets 30s,,,,
bf3b6ecc-fc03-41f2-ba47-38ca8a31b029,,Paracetamol 120mg/5ml Syrup 60mls,,Paracetamol 120mg/5ml Syrup 60mls,,,,
a4aff9c1-5851-4897-a985-1d1286aa2c97,,Salbutamol 2mg/5mls,,Salbutamol 2mg/5mls,,,,
b35c7f87-6fd0-40f1-b75d-25554c55f917,,Clonazepam 2mg Tablets 30s,,Clonazepam 2mg Tablets 30s,,,,
0c1fc8a7-e928-428e-9d28-bf218589b7a5,,Methotrexate 2.5mg Tablets 100s,,Methotrexate 2.5mg Tablets 100s,,,,
459745f9-c266-4300-80da-d23ab837fb5c,,Quinine 600mg/2ml Injection,,Quinine 600mg/2ml Injection,,,,
34fa96c7-390e-44a1-9dfb-48f8adb70fea,,Ampicillin   250mg injection,,Ampicillin   250mg injection,,,,
20fae5b3-cf99-4af9-8046-bfed25c03b35,,Cefixime 400mg tablets 6s,,Cefixime 400mg tablets 6s,,,,
ec2a1bae-5443-4710-8134-ecfb3b6711ab,,Metronidazole 5mg/ml injection 100mls,,Metronidazole 5mg/ml injection 100mls,,,,
381c0680-3126-4e6e-8de9-2ba028e00896,,Clarithromycin 250mg tablet 20s,,Clarithromycin 250mg tablet 20s,,,,
fe3904f0-05db-4cd1-821d-b30597b93c46,,Sulphasalazine 500mg Tablets 100s,,Sulphasalazine 500mg Tablets 100s,,,,
ffbcaf6f-e238-45f2-a120-258b333e5651,,Metoclopramide 5mg/5ml Syrup 60ml,,Metoclopramide 5mg/5ml Syrup 60ml,,,,
58b2dc10-c6cf-4776-9e61-357f47878c6f,,Acyclovir 200mg Tablets 100s,,Acyclovir 200mg Tablets 100s,,,,
84b64492-2421-483f-923d-6f91dc195d00,,Tamsulosin  0.4mg Tablets 100s,,Tamsulosin  0.4mg Tablets 100s,,,,
6fe1383d-c0b8-4caa-9720-5b5e92f41b94,,Flagyl 200mg/5mls syrup 100mls,,Flagyl 200mg/5mls syrup 100mls,,,,
11d48029-62ac-4c0f-89c5-13098fbd6db1,,Diazepam Tablets 10mg Tab.,,Diazepam Tablets 10mg Tab.,,,,
f8cd6c16-a0fd-4163-8d2a-b37284e534e3,,Salbutamol Syrup (2mg),,Salbutamol Syrup (2mg),,,,
94629743-8cca-46be-a014-82fb89946b15,,Ibuprofen 100mg/5ml Syrup 100mls ,,Ibuprofen 100mg/5ml Syrup 100mls ,,,,
7e0cbe0b-cf80-4c1f-b9e0-4cb0303a51a4,,Diazepam 2.5mg Rectal Suppositories,,Diazepam 2.5mg Rectal Suppositories,,,,
444ca6c6-2cfc-441f-8c55-5951252aa851,,Metoprolol 50mg Tablets 30s,,Metoprolol 50mg Tablets 30s,,,,
bfa289ff-29dc-434c-8ad8-b1a2b4d4ef46,,Amoxicillin 125mg/5mls syrup 100mls,,Amoxicillin 125mg/5mls syrup 100mls,,,,
e4daa7d2-6038-4e45-a3b6-cea6881809cf,,Glimepiride 2mg Tablets 20s,,Glimepiride 2mg Tablets 20s,,,,
4c4438d3-f739-4b5e-a153-06407e828a04,,Paracetamol 120mg/5ml Syrup 100mls,,Paracetamol 120mg/5ml Syrup 100mls,,,,
8ce8d8b2-fe7a-482c-8c9e-40c98c8e2362,,Hydrocortisone cream 15g,,Hydrocortisone cream 15g,,,,
bb2b4738-7312-4653-99f8-bef09ea6aea0,,Gentamycin 0.3% ear Drops 5ml,,Gentamycin 0.3% ear Drops 5ml,,,,
76861c16-7ad2-404f-a08d-72094ed5ca74,,Cetrizine 5mg/5mls syrup 50mls,,Cetrizine 5mg/5mls syrup 50mls,,,,
e535d4f5-d05d-40e5-9483-108d34c07b50,,Hydrogen peroxide liquid solution 200mls,,Hydrogen peroxide liquid solution 200mls,,,,
b856d8bd-df42-4043-a5d5-0885f7a3afda,,Chloramphenicol 5% ear Drops 10ml,,Chloramphenicol 5% ear Drops 10ml,,,,
a265b66b-7870-4f73-bd94-9499b8bb1354,,Multivitamin Syrup 60ml,,Multivitamin Syrup 60ml,,,,
5907c49d-8738-4349-81b2-9b79213a1985,,Betamethasone 0.1% eye Drops 5ml,,Betamethasone 0.1% eye Drops 5ml,,,,
45a8883f-56b9-4f5e-8941-54fdecbafd47,,Ceftriaxone 250mg injection,,Ceftriaxone 250mg injection,,,,
d66be6b5-4384-471e-a51e-ff9f9d9fea49,,vitamin B Complex Injection 10mls,,vitamin B Complex Injection 10mls,,,,
a04c3552-037e-4d9a-8df2-1bb750c7ca41,,Albendazole 200mg/5ml Syrup 10ml,,Albendazole 200mg/5ml Syrup 10ml,,,,
30d1b829-70b6-4491-9332-9194d4ecfcf8,,Flumox 500mg capsules 8s,,Flumox 500mg capsules 8s,,,,
cec87860-ab13-42cb-8f90-4e59a42ed833,,Ceftriaxone 1g injection,,Ceftriaxone 1g injection,,,,
c2f06704-13b8-43fe-95e8-3a8fd18ae409,,Multivitamin Syrup 100ml,,Multivitamin Syrup 100ml,,,,
da6ff1da-f386-4bd9-b838-c9e855ac3b25,,DICLOFENAC GEL 1% MEDS 15GM,,DICLOFENAC GEL 1% MEDS 15GM,,,,
e4e955a4-c4db-41e9-a8ee-9acb12e47de9,,Ciprofloxacin 750mg tablets 10s,,Ciprofloxacin 750mg tablets 10s,,,,
a6367801-040e-4d04-8bd4-cc4117a2602d,,Amoxil 125mg/5mls syrup 100mls,,Amoxil 125mg/5mls syrup 100mls,,,,
db28fcd2-4cc9-45cc-8a6c-08dbfa57322c,,Lamotrigine 5mg  Tablets 30s,,Lamotrigine 5mg  Tablets 30s,,,,
fa344f2f-cdbc-4557-a210-064710e526a7,,Water for Injection 100ml,,Water for Injection 100ml,,,,
f2af5372-f8a4-4a7d-bb75-f05e3f638714,,Misoprostol 200mcg Tablets,,Misoprostol 200mcg Tablets,,,,
ab53c3c8-ded7-4322-a552-ccd40d17778b,,Hydrocortisone ointment 15g,,Hydrocortisone ointment 15g,,,,
85e8a413-d599-48c0-aa9a-e6e7516f763e,,Sodium valproate 300mg Tablets 30s,,Sodium valproate 300mg Tablets 30s,,,,
fb2017db-c948-4811-a0e7-87a8a9247036,,Diclofenac potassium 25mg Tablets 20s,,Diclofenac potassium 25mg Tablets 20s,,,,
c188b580-df55-48b2-bd4d-622c149e5a87,,Pantoprazole 20mg Tablets 28s,,Pantoprazole 20mg Tablets 28s,,,,
e210915e-6057-49a5-a896-7db521d835ac,,Fenofibrate 200mg Tablets 30s,,Fenofibrate 200mg Tablets 30s,,,,
7c7255de-492b-4619-9dca-c82a7450209c,,Ringers Solution 500ml,,Ringers Solution 500ml,,,,
92bea418-88d0-4921-9355-04f261d35b02,,Leflunomide 20mg Tablets 100s,,Leflunomide 20mg Tablets 100s,,,,
6deedfff-4be5-46e7-ba2d-7b26d6c85058,,Acetazolamide 250mg tablets 100s,,Acetazolamide 250mg tablets 100s,,,,
e0aa3042-0bbe-4b0d-a845-a79361e1d3fc,,Fluconazole 150mg Capsules 1s,,Fluconazole 150mg Capsules 1s,,,,
dad2c788-698d-477e-bf33-14c2900caec5,,Hydrocortisone 100mg injection,,Hydrocortisone 100mg injection,,,,
ba0c2aa0-4160-4296-9f3c-0ab93ff6b1a5,,Ampicillin 500mg injection,,Ampicillin 500mg injection,,,,
7b88abce-c5bf-4dea-a15b-5cd1ffcde290,,Benzyl benzoate lotion 100mls,,Benzyl benzoate lotion 100mls,,,,
63a48cc9-a905-43ee-b94e-e4982b7ccdbf,,Sodium valproate 500mg Tablets 30s,,Sodium valproate 500mg Tablets 30s,,,,
59960e2e-55d2-48af-874f-f8c61af31738,,Levofloxacin 250mg tablets 5s,,Levofloxacin 250mg tablets 5s,,,,
3d2e2208-943e-43cd-a2ad-c0008001e7af,,Fluconazole 50mg Capsules 50s,,Fluconazole 50mg Capsules 50s,,,,
52b34b43-2b7f-44fb-be89-3a4527a101a4,,"Nystatin 100,000i.u/ml oral drops 30ml",,"Nystatin 100,000i.u/ml oral drops 30ml",,,,
33b5b0cb-ef9f-4457-8996-cfb3fbf95e65,,Flucloxacillin 250mg injection ,,Flucloxacillin 250mg injection ,,,,
7dd291cf-7fd9-4319-8658-82348a55561f,,Chloramphenicol 1g injection,,Chloramphenicol 1g injection,,,,
150b2a69-fc36-40ec-aad9-5f615de8b4d6,,Povidone iodine mouth wash 100ml,,Povidone iodine mouth wash 100ml,,,,
704ddffd-a83c-4173-9261-80f0f015fd0d,,Ondansetron 4mg/2ml Injection,,Ondansetron 4mg/2ml Injection,,,,
9a7609ed-cbc4-4688-857f-46e29d288d69,,Ciprofloxacin 0.3% eye/ ear Drops 5ml,,Ciprofloxacin 0.3% eye/ ear Drops 5ml,,,,
adf8524a-8429-4167-96d6-a375c7bfe222,,Ofloxacin 0.3% eye Drops 5ml,,Ofloxacin 0.3% eye Drops 5ml,,,,
5b62c8f6-1e49-4dcf-84c6-daebb0ea718c,,Liquid Paraffin 100ml,,Liquid Paraffin 100ml,,,,
0870b5c8-3cdd-42b7-90c0-7a0209edb799,,Propylthiouracil 50mg Tablets,,Propylthiouracil 50mg Tablets,,,,
295aa68e-6723-47b8-bdbe-a8be5d8e3b89,,Povidone iodine solution 1l,,Povidone iodine solution 1l,,,,
a5ba255e-fdd1-4007-9340-88b96155cea6,,Calamine lotion 100mls,,Calamine lotion 100mls,,,,
b42d244e-4867-4031-ba0a-fa1e850f325a,,Methylphenidate 10mg Tablets 30s,,Methylphenidate 10mg Tablets 30s,,,,
ff9ddabc-557e-4491-abef-4269a4366423,,Fluoxetine 20mg Capsules 30s,,Fluoxetine 20mg Capsules 30s,,,,
3b68e9a9-4a00-48df-a078-fb046f179f23,,Ampicillin/ cloxacillin 250mg/5mls syrup 100mls,,Ampicillin/ cloxacillin 250mg/5mls syrup 100mls,,,,
09f2b4c8-b35c-40e4-9248-ec041ad498cc,,Cefuroxime 250mg tablets 10s,,Cefuroxime 250mg tablets 10s,,,,
d4e37733-764a-48e2-8e60-5da249547445,,Lignocaine 2% Injection 5ml,,Lignocaine 2% Injection 5ml,,,,
6f5ce02d-6e75-4e93-b0b1-98b059bc565b,,NORMAL SALINE 100ML 1S,,NORMAL SALINE 100ML 1S,,,,
8f2ab604-d7e5-439d-8de7-24dde6e9cd2e,,DIAZEPAM INJ 2ML,,DIAZEPAM INJ 2ML,,,,
55d66164-613c-4726-8400-8520324a593d,,Amoxil 250mg/5mls syrup 100mls,,Amoxil 250mg/5mls syrup 100mls,,,,
8ff0a816-12e0-447e-9888-d26b956976be,,Pethidine 50mg Injection 1ml,,Pethidine 50mg Injection 1ml,,,,
23f7914d-cbb2-4473-86e5-f21e2619a4c0,,Amiodarone 200mg Tablets 30s,,Amiodarone 200mg Tablets 30s,,,,
f77caf84-5748-4af2-b28f-d9b2cfa14413,,Azithromycin 500mg capsules 3s,,Azithromycin 500mg capsules 3s,,,,
2928e78d-27f2-4db4-af26-3fbfeeda9c9c,,Dexamethasone/Neomycin/ Chloramphenicol  drops 5mls,,Dexamethasone/Neomycin/ Chloramphenicol  drops 5mls,,,,
99b140c1-556c-44a4-91bb-5bfedfe1f2d3,,Ethamsylate 500mg Tablets 18s,,Ethamsylate 500mg Tablets 18s,,,,
fbc3e380-b2d9-4187-9a0d-8c79eaf37fc1,,Cyclophosphamide 50mg Tablets 50s,,Cyclophosphamide 50mg Tablets 50s,,,,
193f6709-725b-4735-9417-eaeb4531ee38,,Calcium gluconate 1g Injection 10ml,,Calcium gluconate 1g Injection 10ml,,,,
aa306b76-f2d0-422e-93e5-fa8dee8d43bd,,Midazolam 15mg Tablets 10s,,Midazolam 15mg Tablets 10s,,,,
9a54b9f9-082a-40c0-9a70-fb94d174afb5,,Ofloxacin/Dexamethasone eye Drops 5ml,,Ofloxacin/Dexamethasone eye Drops 5ml,,,,
dcf05a94-3244-4564-8c53-bf38ab4a489a,,Zinc oxide/Bismuth oxide Suppository 10s,,Zinc oxide/Bismuth oxide Suppository 10s,,,,
1e830374-e3c4-4359-8025-070184e9eb68,,Pure glycerine 50mls,,Pure glycerine 50mls,,,,
c5221ee2-99af-4b4a-b36f-592931ba35e0,,Darrows 1/2 strength Solution 500ml,,Darrows 1/2 strength Solution 500ml,,,,
9a114364-8fdb-4c1f-a09f-a5849080c8db,,Pethidine 100mg Injection 2ml,,Pethidine 100mg Injection 2ml,,,,
dfc95e40-316f-4263-8377-7398b2209697,,Fluorouracil 250mg Injection,,Fluorouracil 250mg Injection,,,,
ee1311d0-b17c-463a-b5ab-6482d754a582,,Pantoprazole 40mg Tablets 28s,,Pantoprazole 40mg Tablets 28s,,,,
2bf7dbbe-ee03-45af-b4ea-f3571839aaec,,Acyclovir 800mg Tablets 50s,,Acyclovir 800mg Tablets 50s,,,,
8bd7abad-bdf7-45d5-be38-c2b6d92a9624,,Erythromycin 125mg/5mls syrup,,Erythromycin 125mg/5mls syrup,,,,
16cfc50f-471b-462a-94fa-e920d3c6289e,,Prednisolone 1% eye Drops 5ml,,Prednisolone 1% eye Drops 5ml,,,,
10eb3b51-5110-40fd-8421-c4f015eb03e3,,Diclofenac 0.1% eye Drops 5ml,,Diclofenac 0.1% eye Drops 5ml,,,,
d0b341c4-a3b0-4f1a-a136-9aad6ee37578,,Finasteride 5 mg Tablets 30s,,Finasteride 5 mg Tablets 30s,,,,
26ee4be0-1f76-4892-90ae-2bf84e597df1,,Erythromycin 250mg/5mls syrup 60mls,,Erythromycin 250mg/5mls syrup 60mls,,,,
18d85c2e-1415-49ed-93f1-dc23bc229fbc,,Azithromycin 200mg/5mls syrup 15mls,,Azithromycin 200mg/5mls syrup 15mls,,,,
6586ee21-c1e9-4fd1-999e-6cfbea59b042,,Timolol 0.25% eye Drops 5ml,,Timolol 0.25% eye Drops 5ml,,,,
076cf69f-c247-41e5-ad57-f96e8c6bbb9c,,Timolol 0.5% eye Drops 5ml,,Timolol 0.5% eye Drops 5ml,,,,
894ee69d-eaab-4a45-9bdd-17ab71138987,,Tranexamic Acid 500mg Injection 5ml,,Tranexamic Acid 500mg Injection 5ml,,,,
bddeb45e-6517-4465-8e98-bfcb9b5ca9e1,,Metronidazole/diloxanide furoate 100mg/125mg/5ml syrup 60mls,,Metronidazole/diloxanide furoate 100mg/125mg/5ml syrup 60mls,,,,
a8d537f2-ad7f-47db-8ec6-3f9465019731,,Diclodenk 75mg/3ml Inj,,Diclodenk 75mg/3ml Inj,,,,
a485159c-5977-4713-b9ea-4cc232f2bf48,,Gentamycin/Dexamethasone eye Drops 5ml,,Gentamycin/Dexamethasone eye Drops 5ml,,,,
ff8e1e9a-6fb4-45ce-9c5b-f043618915ae,,Mesalazine 400mg Tablets 50s,,Mesalazine 400mg Tablets 50s,,,,
ec84b09c-6ac0-4ea2-9453-60ae193d40e5,,Ampiclo Neonatal drops 90mg/0.6mls 10mls,,Ampiclo Neonatal drops 90mg/0.6mls 10mls,,,,
c440da2d-ccd4-4e60-8fcb-34d26d936794,,Cephalexin 125mg/5mls syrup 100mls,,Cephalexin 125mg/5mls syrup 100mls,,,,
ce0f7479-8611-44b3-989c-a579747db06c,,Miconazole cream 40g,,Miconazole cream 40g,,,,
30f9098b-cdfe-4730-acfe-750f01500eac,,Pilocarpine 2% eye Drops 10ml,,Pilocarpine 2% eye Drops 10ml,,,,
41b196eb-a65f-4a16-a66a-fec65624f2fb,,Tranexamic Acid 250mg Injection 5ml,,Tranexamic Acid 250mg Injection 5ml,,,,
f3f50b17-a5c8-4aba-af20-9c34bbb63644,,Silver sulphadiazine cream 15g,,Silver sulphadiazine cream 15g,,,,
90973204-22d5-4e99-be16-85c287b479ad,,Normal saline nasal drops 10mls,,Normal saline nasal drops 10mls,,,,
851a0ee2-271e-48e6-986b-3b76431912bc,,Phenylephrine eye Drops 15ml,,Phenylephrine eye Drops 15ml,,,,
37dbd9cb-3d33-405f-a5d3-5835134aa592,,Oxymetazoline 0.05% nasal drops 10mls,,Oxymetazoline 0.05% nasal drops 10mls,,,,
de40c9e3-ca6b-49ca-837f-6e416f414351,,Cyclopentolate 1% eye Drops 5ml,,Cyclopentolate 1% eye Drops 5ml,,,,
cc43a126-40a0-4b4a-8dc8-3bae0dbc28dd,,Cloxacillin 125mg/5mls syrup 100mls,,Cloxacillin 125mg/5mls syrup 100mls,,,,
66822894-992c-4aeb-bfff-399de58612fb,,Paracetamol 150mg/ml injection,,Paracetamol 150mg/ml injection,,,,
75b917a6-b117-4c4d-a705-db382ee33ab9,,Ethamsylate 250mg/2ml Injection,,Ethamsylate 250mg/2ml Injection,,,,
1c1c52fa-2007-45ff-8e2a-fc28399e015f,,Morphine 10mg/ml 1ml Injection,,Morphine 10mg/ml 1ml Injection,,,,
bb3f52bd-5f69-4527-96f1-0965ef3b2743,,Phenytoin 50mg/5ml Injection 5mls,,Phenytoin 50mg/5ml Injection 5mls,,,,
15e73331-d251-4592-ac0d-7882feb06997,,Ceftriaxone 2g injection,,Ceftriaxone 2g injection,,,,
e2af2a30-accc-42b3-881c-4267eaa9ab1b,,Fentanyl 100mcg/2ml Injection 2ml,,Fentanyl 100mcg/2ml Injection 2ml,,,,
087aafc5-f7c3-4206-99e4-e64b53f70b08,,Econazole 150mg pessaries 3s,,Econazole 150mg pessaries 3s,,,,
c0626003-7fc9-4a23-81eb-c82b9d703b70,,Alfuzosin 10mg tablets 30s,,Alfuzosin 10mg tablets 30s,,,,
ab023e27-f125-4932-b05c-94bfa829c38e,,Amiodarone 150mg Injection 3mls,,Amiodarone 150mg Injection 3mls,,,,
0f3d585b-fc0f-4ddf-a10d-1fcf25109873,,Domperidone 1mg/ml Syrup 30ml,,Domperidone 1mg/ml Syrup 30ml,,,,
0133a6ea-1157-4ea2-9b27-7cc53b99840e,,Clotrimazole/ beclomethasone dipropionate  cream 15g,,Clotrimazole/ beclomethasone dipropionate  cream 15g,,,,
31ae419f-e5f6-4770-bb68-5e34c2ab31e0,,AMINOPHYLLINE 250MG INJ.-PD,,AMINOPHYLLINE 250MG INJ.-PD,,,,
d017a52a-5a77-4e72-90d2-1e755e9c2603,,Fentanyl 50mcg/ml Injection 10ml,,Fentanyl 50mcg/ml Injection 10ml,,,,
0caab943-89b4-4685-a4fd-ab67076ab0c6,,Ceftazidimine 2g injection,,Ceftazidimine 2g injection,,,,
4d8e6064-f676-496a-89dd-1eaca089d229,,Itraconazole 100mg Capsules 4s,,Itraconazole 100mg Capsules 4s,,,,
4b768fd0-7757-4578-9e07-050a68b2bba4,,Cromoglycate 2% eye Drops 10ml,,Cromoglycate 2% eye Drops 10ml,,,,
4d043013-e3c4-4d84-9fff-71311043c9d6,,Heparin 5000i.u Injection 1ml,,Heparin 5000i.u Injection 1ml,,,,
e6d9d3ec-cc56-4f14-8321-ae8a51e717cb,,Clobetasol cream 15g,,Clobetasol cream 15g,,,,
158e7d7d-5f42-4c9f-88db-204fd1a25bbd,,Loratadine 5mg/5mls syrup 60mls,,Loratadine 5mg/5mls syrup 60mls,,,,
40cce903-826e-462b-ba84-3cf49a88e8e7,,Thiopentone 500mg Injection ,,Thiopentone 500mg Injection ,,,,
ca1dc3af-3be1-4e14-8934-8c00ff5d4b74,,Levosalbutamol 50mcg/ inhalation,,Levosalbutamol 50mcg/ inhalation,,,,
87da24a0-c92c-481e-8d3b-ae01313e03e2,,Atropine 1% eye Drops 10ml,,Atropine 1% eye Drops 10ml,,,,
f66b6c32-ce0a-4641-b888-00ed90e133de,,Melphalan 2mg tablets 25s,,Melphalan 2mg tablets 25s,,,,
bdf9d3f0-02b5-4615-85c9-2fcef158ab78,,Cefotaxime 250mg injection,,Cefotaxime 250mg injection,,,,
2105ca37-b901-48f9-a0c8-2cf360e507f5,,Cyclophosphamide 1g Injection,,Cyclophosphamide 1g Injection,,,,
e720909e-028a-45d3-868e-aa1a210d7ba8,,DEXTROSE 50% VIAL 50MLS 1S,,DEXTROSE 50% VIAL 50MLS 1S,,,,
70ab1826-0dd3-4817-a9e6-3f46f04600b3,,Ceftazidimine 250mg injection,,Ceftazidimine 250mg injection,,,,
14d39068-0aac-420e-894c-d7fa770ab0a9,,Vincristine 2mg Injection,,Vincristine 2mg Injection,,,,
66414b0f-fc5c-4489-8150-133efe82cfa8,,Lincomycin 600mg/2mls injection,,Lincomycin 600mg/2mls injection,,,,
087d4a8d-2737-4d2c-831e-5b520b259714,,Antacid suspension 300mls,,Antacid suspension 300mls,,,,
995cbc7e-ac85-453d-9048-4b89ac6fdb44,,Aminosidine 125mg/5mls syrup 60mls,,Aminosidine 125mg/5mls syrup 60mls,,,,
7dacdff3-ed08-4961-9759-493349d72f96,,Econazole 50mg pessaries 5s,,Econazole 50mg pessaries 5s,,,,
18d3081f-fb07-4693-a1ce-696fc65af67e,,Amoxicillin/ clavulanate 156mg/5mls syrup 100mls,,Amoxicillin/ clavulanate 156mg/5mls syrup 100mls,,,,
507660d2-0a43-45ba-b7c7-602d0829d7a9,,Ketolac 0.5% eye Drops 5ml,,Ketolac 0.5% eye Drops 5ml,,,,
6f08c70d-a0c2-4428-86fe-1b28707b18f6,,Mannitol Solution 20% 500ml,,Mannitol Solution 20% 500ml,,,,
6a28b7e6-7a8a-4968-8ae1-df79ad750862,,Cefuroxime 500mg injection,,Cefuroxime 500mg injection,,,,
a51cb7fb-9dd1-46be-b88c-22db8687b52b,,Sodium hypochlorite 3% solution 5l,,Sodium hypochlorite 3% solution 5l,,,,
9bd67e17-7f99-4ee1-b493-dde5fff3be02,,Hydroxypropylmethylcellulose 2% eye Drops 10mls,,Hydroxypropylmethylcellulose 2% eye Drops 10mls,,,,
afe4d484-997d-43c4-a156-80327328c43a,,Ciprofloxacin/Dexamethasone eye Drops 5ml,,Ciprofloxacin/Dexamethasone eye Drops 5ml,,,,
6abe6fed-d30c-49d3-a8cd-f98e11605718,,Clindamycin 150mg/ml injection 2mls,,Clindamycin 150mg/ml injection 2mls,,,,
8d874644-f7ff-4cbe-a2f6-979313775c09,,"Magnesium, Drug",,"Magnesium, Drug",,,,
690b4d00-ba98-41e8-81c8-0b68404713f6,,Spectinomycin 2g injection,,Spectinomycin 2g injection,,,,
8ae07ed5-55a3-465d-8391-7b72043741bf,,Cefotaxime 1g injection,,Cefotaxime 1g injection,,,,
a4290735-abc0-41d3-9a91-7264c9113ed7,,Dopamine 200mg/5ml Injection 5mls,,Dopamine 200mg/5ml Injection 5mls,,,,
59d8350d-6efb-4d2b-ae42-43791b50d628,,KY Jelly 42 g,,KY Jelly 42 g,,,,
c5529f9e-da4c-44a8-9170-c963fc383316,,Hydrocortisone/Cinchocaine Ointment 15g,,Hydrocortisone/Cinchocaine Ointment 15g,,,,
7b7e876e-cd3b-42e7-a23a-cd3834bcab5c,,Cefotaxime 500mg injection,,Cefotaxime 500mg injection,,,,
5df0e377-31df-44cf-870a-d52a918b9707,,URINE CALCIUM (24 HR),,URINE CALCIUM (24 HR),,,,
121c1899-20d1-4d88-a8ed-b6a0e7ac9bab,,Sodium Chloride 3% injection 100ml,,Sodium Chloride 3% injection 100ml,,,,
8eb2c7ba-37ec-4849-a98b-206d2d328d62,,Sodium Chloride 0.45% injection 500ml,,Sodium Chloride 0.45% injection 500ml,,,,
c92d73fd-b891-4592-891d-db4574146272,,Enoxaparin 20mg Injection,,Enoxaparin 20mg Injection,,,,
2acf0d41-5d81-4cff-9797-07595d3e7312,,Amoxicillin / Clavulanate 228mg/5mls syrup 100mls,,Amoxicillin / Clavulanate 228mg/5mls syrup 100mls,,,,
aa6bcf71-4b01-424e-ab58-a2e972e18586,,Fluorouracil 500mg Injection,,Fluorouracil 500mg Injection,,,,
eff8317d-cdd9-4444-ab6d-1cdc74290a6f,,Enoxaparin 40mg Injection,,Enoxaparin 40mg Injection,,,,
29764448-3fa7-4266-a2ad-29b2e6649a66,,Artificial eye drops 5mls,,Artificial eye drops 5mls,,,,
c9699126-fbe1-4368-b20d-02162e446039,,Triamcinolone acetonide 40mg/5ml injection,,Triamcinolone acetonide 40mg/5ml injection,,,,
b5db168e-da76-4aad-8054-40d94bf3d947,,Atomoxetine 10mg Tablets 28s,,Atomoxetine 10mg Tablets 28s,,,,
942eb1f3-55d1-4aa0-89ee-be42bb3101b8,,Hydroxocobalamin Injection 1ml,,Hydroxocobalamin Injection 1ml,,,,
405259da-54ca-403a-9252-511dea8214e7,,Amikacin 500mg/2mls injection,,Amikacin 500mg/2mls injection,,,,
5471431b-b3f5-4694-900d-56c2529160a5,,Benzyol peroxide gel 10% 40g,,Benzyol peroxide gel 10% 40g,,,,
704f2304-8b0f-4896-b0d4-4a78069890d9,,Clarithromycin 125mg/5mls syrup 50mls,,Clarithromycin 125mg/5mls syrup 50mls,,,,
e3a91a96-f6c9-40b2-8eac-4d86be16087c,,Moxifloxacin 5mg eye Drops 3ml,,Moxifloxacin 5mg eye Drops 3ml,,,,
e08af661-cc52-4e48-88e5-ff0eea27651f,,Cefuroxime 125mg/5mls syrup 50mls,,Cefuroxime 125mg/5mls syrup 50mls,,,,
4a688590-aef5-4395-8a07-3ee65294c153,,Doxorubicin 50mg Injection,,Doxorubicin 50mg Injection,,,,
1d28af93-07c0-41a2-8bdc-2f3c03dce105,,ZORCAN (FLUCONAZOLE) 200MG INJ 1`S (F),,ZORCAN (FLUCONAZOLE) 200MG INJ 1`S (F),,,,
9b6b5ef6-5fab-42c4-bac0-13dbe9877f47,,Amphotericin B 50mg Injection,,Amphotericin B 50mg Injection,,,,
e99b1c89-4ffb-4756-9f88-d9d9728216a3,,Methotrexate 50mg Injection,,Methotrexate 50mg Injection,,,,
d9716be1-af88-4b04-bb3e-e6153fd208b1,,Salbutamol/ ipratropium 0.1mg/0.2mg/ inhalation 200doses,,Salbutamol/ ipratropium 0.1mg/0.2mg/ inhalation 200doses,,,,
c7189f6b-09cf-4454-82bc-b21b1fed6ecf,,Vecuronium 4mg/ml Injection,,Vecuronium 4mg/ml Injection,,,,
3ea6988b-6389-4ecf-8deb-d2538d84e538,,Mixtard 30 100i.u/ml 10ml,,Mixtard 30 100i.u/ml 10ml,,,,
6a467a2a-27b2-4cba-a2c5-6463247adab8,,Acyclovir 3% eye Ointment 5g,,Acyclovir 3% eye Ointment 5g,,,,
f6c585a9-1cf4-4926-90f9-642c72e6eeab,,Pantoprazole 40mg Injection,,Pantoprazole 40mg Injection,,,,
62c2191c-5b88-4edb-a3f2-17cbb3ecdff5,,Beclomethasone nasal spray,,Beclomethasone nasal spray,,,,
2978ee8e-ca60-4a69-af62-4774c41308e8,,Beclomethasone dipropionate 50mcg/ inhalation,,Beclomethasone dipropionate 50mcg/ inhalation,,,,
7420fde8-4224-4fc3-a96f-18491d4e111e,,Cisplatin 10mg Injection,,Cisplatin 10mg Injection,,,,
d71fc835-cd01-4236-9384-ea487e5d29fb,,Farm liniment  5l,,Farm liniment  5l,,,,
0e05d96a-1a27-4931-b3a8-cd79f34252ad,,Zinc oxide/Bismuth oxide Ointment 25g,,Zinc oxide/Bismuth oxide Ointment 25g,,,,
d2172710-9023-4c41-8f3a-6f71f0708ab2,,Fluphenazine 25mg/ml Injection 1ml,,Fluphenazine 25mg/ml Injection 1ml,,,,
5869e477-31c6-4e6f-a1bd-e418d5d44167,,Hydrogen peroxide liquid solution 5l,,Hydrogen peroxide liquid solution 5l,,,,
c75c4cef-f334-4341-bfb7-1af8df343b12,,Vancomycin 500mg injection,,Vancomycin 500mg injection,,,,
69665853-228b-4c33-83a0-e8eccd26ba0f,,Labetalol 100mg/20ml Injection 20mls,,Labetalol 100mg/20ml Injection 20mls,,,,
f517d9d1-a30f-42bc-8c56-65fa613bb8c5,,Vincristine 1mg Injection,,Vincristine 1mg Injection,,,,
460ab492-f5dc-4626-b702-ef562e8b9d62,,Methylated spirit 500mls,,Methylated spirit 500mls,,,,
aa7b34ff-0397-4669-97d4-fcd0f3482fc3,,Budesonide 50mcg/ dose nasal spray,,Budesonide 50mcg/ dose nasal spray,,,,
dd3f0526-2a3b-4931-8e9b-8e363da30e4b,,Fluticasone furoate nasal spray,,Fluticasone furoate nasal spray,,,,
edfb3aa1-562c-46bd-9739-a09b7d12cd82,,Leucovorin 50mg Injection,,Leucovorin 50mg Injection,,,,
9a61744c-2009-4fc4-8af4-33a2ef87c842,,Flupenthixol Decanoate - 20Mg/Ml,,Flupenthixol Decanoate - 20Mg/Ml,,,,
338d8063-116c-4124-bbd8-846ac400ebd1,,Budesonide 100mcg/ inhalation 200 doses,,Budesonide 100mcg/ inhalation 200 doses,,,,
6318c1fb-a1a2-463f-b321-3fe7fcea9e16,,Budesonide 100mcg formoterol 6mcg inhaler 120 doses,,Budesonide 100mcg formoterol 6mcg inhaler 120 doses,,,,
d27d30a6-922c-4f63-b9fa-4d9dcb2622ff,,Folinic Acid 15mg Injection,,Folinic Acid 15mg Injection,,,,
87626fc4-6fd9-4318-ae3e-4edd15cb7863,,Anti rabies serum vaccine,,Anti rabies serum vaccine,,,,
08243de2-b2bd-44e7-8f92-21f800eb2017,,Salbutamol respirator solution 10mls,,Salbutamol respirator solution 10mls,,,,
a6e66b99-40cb-4689-ab42-4a5c3c2edecd,,Cetrimide /Chlorhexidine/ solution 5litres,,Cetrimide /Chlorhexidine/ solution 5litres,,,,
cfc3b4fb-e5ea-4f3e-bd11-0bb3441dbb1b,,Olanzapine 10mg Injection,,Olanzapine 10mg Injection,,,,
7d9c9090-256e-4830-b256-8d8093bcc368,,Glutaraldehyde liquid/ solution 1l,,Glutaraldehyde liquid/ solution 1l,,,,
b3db0048-2a32-49e9-be5e-474f65989f10,,Budesonide 200mcg/ inhalation 200 doses,,Budesonide 200mcg/ inhalation 200 doses,,,,
1a86e351-9895-463b-92e5-20bb413577ba,,Meropenem  500mg injection,,Meropenem  500mg injection,,,,
65af61be-a31f-4e80-901b-c022e582db1c,,Dobutamine 250mg Infusion 20mls,,Dobutamine 250mg Infusion 20mls,,,,
fb60fb0a-c989-4f13-8d65-00bf8dc085ff,,Oxaliplatin 50mg Injection,,Oxaliplatin 50mg Injection,,,,
36d2347d-9810-47b2-988a-87284d52f536,,Bleomycin 15mg Injection,,Bleomycin 15mg Injection,,,,
74d8d49b-a642-4f7b-8755-e471b9441c04,,Granisetron 1mg Tablets 10s,,Granisetron 1mg Tablets 10s,,,,
c39c3fd2-6439-43c2-9ceb-083544bed1bd,,Digoxin 0.5m/2ml Injection,,Digoxin 0.5m/2ml Injection,,,,
bd8438d6-429d-43b5-a1d2-ec9c464e009f,,Budesonide 64mcg/ dose nasal spray,,Budesonide 64mcg/ dose nasal spray,,,,
2649e3bd-69cc-433a-a8c6-8cc36485c95a,,Digoxin 50mcg/ml Syrup 60ml,,Digoxin 50mcg/ml Syrup 60ml,,,,
898718d4-eae3-46fe-a952-92c8216d05a0,,Budesonide 80mcg formoterol 4.5mcg inhaler 120 doses,,Budesonide 80mcg formoterol 4.5mcg inhaler 120 doses,,,,
8b3194c0-9c3d-45be-b996-571ea89a27f1,,Aminosteril N-Hepa 8% 500ml,,Aminosteril N-Hepa 8% 500ml,,,,
fa7949eb-93fd-4fde-b3bd-c6fc34ee966d,,Docetaxel 20mg Injection,,Docetaxel 20mg Injection,,,,
ed629bdc-829a-42d8-b376-bfa272332904,,Clarithromycin 500mg injection,,Clarithromycin 500mg injection,,,,
cae0db16-3945-429d-bb53-234f77626242,,Gemcitabine 200mg Injection,,Gemcitabine 200mg Injection,,,,
90b28971-f8d9-4d48-a94c-fcc67bd9c9f7,,CARBOPLATIN 450MG INJECTION 1`S,,CARBOPLATIN 450MG INJECTION 1`S,,,,
f4623852-62cc-440a-af27-3ea5f07e3912,,Zoledronic acid 4mg injection,,Zoledronic acid 4mg injection,,,,
ea405ff4-fb92-45a7-87c7-71211a2e9df3,,Epirubicin 50mg Injection,,Epirubicin 50mg Injection,,,,
3ca8f776-311f-4359-9271-f476f5ff4b8a,,ANTI SNAKE SERUM VENOM 10ML PASTEUR  1`S,,ANTI SNAKE SERUM VENOM 10ML PASTEUR  1`S,,,,
fa112694-29e3-4cda-9f19-9a54a66249ef,,Filgrastim 0.3mg/ml Injection,,Filgrastim 0.3mg/ml Injection,,,,
898057b5-c513-4276-b58b-9ea48e806f57,,HUMAN ALBUMIN 5%100MLS,,HUMAN ALBUMIN 5%100MLS,,,,